domain,phylum,className,order,family,genus,EM089-T0,EM133-T3,EM199-T0,EM232-T0,EM243-T0,EM245-T0,EM260-T0,EM262-T0,EM320-T0,EM321-T0,EM334-T0,EM012-T0,EM015-T0,EM122-T3,EM142-T3,EM168-T3,EM183-T3,EM185-T0,EM233-T0,EM240-T0,EM242-T0,EM253-T0,EM263-T0,EM284-T0,EM071-T0,EM120-T3,EM144-T0,EM169-T0,EM172-T0,EM193-T0,EM203-T0,EM228-T0,EM231-T0,EM271-T0,EM278-T0,EM279-T0,EMc05,EM150-T0,EM176-T0,EM179-T0,EM181-T0,EM212-T0,EM261-T0,EM265-T0,EM268-T0,EM269-T0,EM272-T0,EM283-T0,EM293-T0,EM323-T0,EM044-T0,EM055-T6,EM095-T0,EM109-T3,EM143-T3,EM161-T3,EM198-T0,EM206-T0,EM217-T0,EM220-T0,EM247-T0,EM248-T0,EM252-T0,EM274-T0,EM330-T0,EM337-T0,EM351-T0,EM356-T0,EM363-T0,EMc01,EMc09,EM017-T0,EM054-T6,EM105-T3,EM134-T3,EM157-T3,EM159-T0,EM178-T0,EM190-T0,EM213-T0,EM215-T0,EM219-T0,EM227-T0,EM254-T0,EM259-T0,EM275-T0,EM286-T0,EM338-T0,EM357-T0,EM364-T0,EMc08,EM047-T6,EM060-T0,EM094-T0,EM136-T0,EM138-T3,EM171-T0,EM182-T0,EM187-T0,EM191-T0
Bacteria,Firmicutes,Clostridia,Clostridiales,Ruminococcaceae,Acetivibrio,0,0,0,0,0,24,0,0,0,0,0,0,0,0,0,0,0,0,0,0,0,18,0,0,0,0,0,0,0,0,0,0,0,0,0,0,0,114,0,0,294,0,0,0,0,0,0,267,0,0,0,0,0,12,0,0,0,0,0,0,0,0,0,0,0,0,0,0,0,0,0,0,0,0,0,0,0,0,0,0,0,0,0,0,0,0,0,0,0,0,0,0,0,0,0,0,0,0,0,18
Bacteria,Firmicutes,Clostridia,Clostridiales,Eubacteriaceae,Acetobacterium,0,0,0,154,22,0,50,28,0,0,0,0,0,0,0,53,607,0,356,15,15,0,0,0,63,0,0,0,0,176,0,0,99,12,123,79,0,225,10,0,150,448,0,0,0,0,30,330,61,0,16,16,24,0,18,347,0,0,0,0,0,12,0,0,400,0,177,0,0,0,0,0,0,0,0,70,28,0,0,0,0,0,25,78,14,29,0,0,0,72,0,0,0,0,33,31,0,39,0,424
Bacteria,Tenericutes,Mollicutes,Acholeplasmatales,Acholeplasmataceae,Acholeplasma,0,0,0,0,0,0,0,0,0,0,0,0,0,0,0,0,0,0,0,0,0,0,0,0,0,0,0,0,0,0,0,0,0,0,11,0,0,0,0,0,0,0,0,0,0,0,0,0,0,0,0,0,0,0,787,0,0,0,0,0,0,0,0,0,0,0,0,0,0,0,0,0,0,0,0,0,0,0,0,0,0,0,0,0,0,0,0,0,0,0,0,0,0,0,0,0,0,0,0,0
Bacteria,Firmicutes,Negativicutes,Selenomonadales,Acidaminococcaceae,Acidaminococcus,0,31,0,14,615,76,0,17,78,0,264,0,0,0,31,39,0,0,0,264,12,813,62,484,0,55,0,0,525,0,94,16,116,38,0,217,28,0,0,0,15,16,536,0,0,169,14,12,41,89,42,39,0,58,0,0,0,29,48,0,0,11,0,103,152,40,50,0,260,23,41,0,68,0,0,48,0,0,21,125,0,0,15,0,23,21,609,156,30,0,32,64,23,40,15,49,0,0,0,0
Bacteria,Proteobacteria,Gammaproteobacteria,Acidithiobacillales,Acidithiobacillaceae,Acidithiobacillus,0,0,0,0,0,0,0,0,0,0,0,0,0,0,0,0,0,0,0,15,0,0,0,0,0,0,0,0,0,0,0,603,0,0,0,0,0,0,0,0,0,0,0,0,0,0,0,0,0,0,0,0,0,0,0,0,0,0,0,0,0,0,0,0,0,0,0,0,0,0,0,0,0,0,0,0,0,0,0,0,0,0,0,0,0,0,0,0,0,0,0,0,0,0,0,0,0,0,0,0
Bacteria,Proteobacteria,Gammaproteobacteria,Pseudomonadales,Moraxellaceae,Acinetobacter,0,0,0,0,23,0,0,0,0,0,0,0,0,0,0,0,0,0,0,0,0,0,0,0,0,0,0,0,0,0,0,0,0,0,0,0,0,0,0,0,0,0,0,0,0,0,0,0,0,0,0,0,0,0,0,0,0,0,0,0,11,0,0,0,0,0,0,0,0,0,0,0,0,0,0,0,0,0,0,0,0,0,0,0,0,0,0,0,0,0,0,0,0,0,0,0,0,0,0,0
Bacteria,Firmicutes,Bacilli,Lactobacillales,Aerococcaceae,Aerococcus,0,0,0,0,0,0,0,0,0,0,0,0,0,0,0,0,0,0,0,0,0,0,0,0,0,0,0,0,0,0,0,0,0,0,0,0,0,0,0,0,0,0,0,0,0,0,0,0,0,0,0,0,0,0,0,0,0,0,0,0,0,0,0,0,0,0,0,0,0,0,0,0,0,0,0,0,0,0,0,0,0,0,0,629,0,0,0,0,0,0,0,0,0,0,0,0,0,0,0,0
Bacteria,Proteobacteria,Gammaproteobacteria,Pasteurellales,Pasteurellaceae,Aggregatibacter,0,0,0,0,0,0,0,0,0,0,0,0,0,0,0,0,0,0,0,119,0,0,0,0,0,0,0,0,0,0,0,0,0,0,0,0,0,0,0,0,0,0,0,0,0,0,0,0,0,0,0,0,0,0,0,0,0,0,0,0,0,0,0,0,0,0,0,0,0,0,0,0,0,0,0,0,0,0,0,0,0,0,0,0,0,0,0,0,0,0,0,0,0,0,0,0,0,0,0,0
Bacteria,Verrucomicrobia,Verrucomicrobiae,Verrucomicrobiales,Verrucomicrobiaceae,Akkermansia,16,98,179,34,19,0,24,18,23,0,0,0,0,0,13,19,437,11,42,0,364,0,48,0,44,0,0,0,27,71,0,0,11,10,0,0,0,11,21,0,69,50,0,24,29,23,33,122,34,21,55,162,190,30,26,22,20,0,23,0,42,0,95,0,563,0,0,26,0,0,52,188,18,0,0,0,0,104,24,170,0,80,0,78,0,0,0,0,0,49,57,0,0,0,0,65,61,0,0,49
Bacteria,Firmicutes,Bacilli,Bacillales,Alicyclobacillaceae,Alicyclobacillus,0,0,0,0,0,0,0,0,0,0,0,0,0,0,0,0,0,0,0,0,0,0,0,0,0,0,0,0,0,0,0,0,0,0,465,0,0,0,0,0,0,0,0,0,0,0,0,0,0,0,0,0,0,0,0,0,0,0,0,0,0,0,0,0,0,0,0,0,0,0,0,0,0,0,0,0,0,0,0,0,0,0,0,0,0,0,0,0,0,0,0,0,0,0,0,0,0,0,0,0
Bacteria,Bacteroidetes,Bacteroidia,Bacteroidales,Rikenellaceae,Alistipes,294,7012,172,1422,101,42,824,246,1316,1456,60,3688,407,35,1579,335,7155,5790,2228,568,639,4066,4508,0,1490,1839,640,1735,496,591,1770,6484,5419,831,4833,6996,660,3104,2416,669,1722,920,1379,957,9000,853,8912,3849,12347,4433,513,2187,1004,2910,876,2423,0,1682,2149,2708,3469,2850,10905,1559,1916,165,2688,3321,6279,1218,1706,2056,4899,3521,10827,4922,725,644,1652,2202,442,1510,2783,10173,6134,1438,1153,2334,3416,1252,2067,8900,2651,1547,4916,1751,788,3578,1016,3559
Bacteria,Firmicutes,Clostridia,Clostridiales,Clostridiaceae,Alkaliphilus,12,30,20,0,26,30,190,0,56,18,70,0,0,0,52,16,30,20,10,60,18,40,50,0,0,0,0,0,20,16,230,22,14,14,58,108,14,10,22,0,0,0,0,12,0,12,12,0,0,10,100,72,56,56,16,106,0,14,0,18,42,0,76,24,22,0,10,12,0,0,50,16,20,0,0,12,42,0,16,0,0,0,0,24,248,0,28,14,0,22,22,0,0,0,0,0,46,24,18,28
Bacteria,Cyanobacteria,unclassified (derived from Cyanobacteria),Nostocales,Nostocaceae,Anabaena,0,0,0,0,0,0,0,0,10,0,0,0,0,0,0,0,0,0,0,0,0,0,0,0,0,0,0,0,0,0,0,0,0,0,0,13,0,0,17,0,0,0,0,0,0,0,0,0,0,0,0,0,0,10,12,0,0,0,0,0,0,0,0,10,0,18,0,0,0,0,0,0,0,0,0,0,19,0,19,0,0,0,0,0,0,0,0,0,0,0,0,0,0,0,0,0,0,0,0,0
Bacteria,Firmicutes,Clostridia,Clostridiales,Clostridiales Family XIV. Incertae Sedis,Anaerobranca,10,0,0,0,0,0,34,0,0,0,0,0,0,0,0,0,10,0,0,0,0,0,0,0,0,0,18,0,0,0,0,12,12,0,46,0,0,0,0,0,0,0,0,288,0,0,0,66,0,0,0,0,0,0,0,14,0,0,0,0,0,0,68,0,0,0,0,0,0,0,0,0,0,0,0,0,10,0,0,0,0,0,0,0,0,0,0,0,0,0,0,0,0,0,0,0,0,0,0,0
Bacteria,Firmicutes,Clostridia,Clostridiales,Clostridiales Family XI. Incertae Sedis,Anaerococcus,0,0,0,0,0,0,0,0,0,0,0,27,0,0,0,0,0,0,0,0,0,0,0,0,0,0,0,0,0,0,0,0,0,0,0,0,0,0,0,0,0,0,0,0,0,0,0,0,0,0,0,0,0,0,0,0,0,0,0,0,0,0,0,0,0,0,0,0,0,0,0,0,0,0,0,0,0,0,0,0,0,0,0,0,0,0,0,0,0,0,0,0,0,0,0,0,0,0,0,0
Bacteria,Firmicutes,Clostridia,Clostridiales,Lachnospiraceae,Anaerostipes,23,37,0,0,0,0,336,23,19,129,0,39,0,0,59,0,50,0,168,58,119,462,50,0,10,19,0,0,167,721,308,0,187,98,240,0,0,0,161,0,91,85,0,246,797,0,145,30,0,0,80,11,64,290,12,58,0,0,0,13,0,14,89,0,290,140,0,51,108,50,0,65,67,0,138,35,0,0,0,22,65,0,18,252,0,0,0,33,10,31,0,0,40,0,0,27,23,94,33,0
Bacteria,Firmicutes,Bacilli,Bacillales,Bacillaceae,Anoxybacillus,0,0,0,0,0,0,0,0,0,0,0,0,0,0,0,0,0,0,0,16,0,0,0,0,0,0,0,0,0,0,0,0,0,0,0,0,0,0,0,0,0,0,0,0,0,0,0,0,0,0,0,0,0,0,0,0,0,0,0,0,0,0,0,0,0,0,0,0,0,0,0,0,0,0,0,0,0,0,0,0,0,0,0,0,0,0,0,0,0,0,0,0,0,0,0,0,0,0,0,0
Eukaryota,Streptophyta,unclassified (derived from Streptophyta),Lamiales,Plantaginaceae,Antirrhinum,0,0,0,0,0,0,0,0,0,0,0,0,0,0,0,0,0,0,0,0,0,0,0,0,0,0,0,0,0,0,0,0,0,0,55,0,0,0,0,0,0,0,0,0,0,0,0,0,0,0,0,0,0,0,0,0,0,0,0,0,0,0,10,0,0,0,0,0,0,0,0,0,0,0,0,0,0,0,0,0,0,0,0,0,0,0,0,0,0,0,0,0,0,0,0,0,0,0,0,0
Bacteria,Actinobacteria,Actinobacteria (class),Coriobacteriales,Coriobacteriaceae,Atopobium,0,0,0,0,0,0,0,0,0,0,0,0,0,0,0,0,0,0,0,0,0,0,0,0,0,0,0,0,0,0,0,0,0,0,0,0,0,0,0,0,0,0,0,0,0,0,0,0,0,0,0,11,0,0,0,0,0,0,0,0,0,0,0,0,0,17,0,0,0,0,0,0,0,0,0,0,0,0,0,0,0,0,0,0,0,0,0,0,0,0,0,0,0,0,0,0,0,0,0,0
Bacteria,Firmicutes,Bacilli,Bacillales,Bacillaceae,Bacillus,0,0,0,0,0,0,0,0,0,0,0,0,0,0,0,0,0,0,0,0,0,0,0,0,0,0,0,0,0,0,0,0,0,0,0,0,0,0,0,0,0,0,0,15,0,0,0,0,0,45,0,0,0,0,0,0,0,0,0,0,0,0,0,0,0,0,0,0,0,0,0,0,0,0,0,0,0,35,0,0,0,0,0,19,31,0,18,0,0,0,0,0,0,0,0,0,0,0,0,0
Bacteria,Bacteroidetes,Bacteroidia,Bacteroidales,Bacteroidaceae,Bacteroides,4059,5462,709,2520,5991,2499,5411,4426,6021,1978,8883,114,10180,16916,9674,2899,2545,4682,5610,3261,9474,8673,1797,40206,1653,4589,2246,8385,1920,7016,3589,17161,7393,2650,8207,14381,3063,6294,6622,14876,3483,1171,20018,11665,4579,11442,6453,5558,9991,5572,3321,4278,2708,6138,2035,5553,16222,6233,2212,2375,4598,5540,16664,8321,5232,4306,7368,9251,8063,3163,2124,3757,6882,19127,6494,16958,2477,2093,1674,8294,4566,8052,5413,8235,2376,6092,10551,6664,3891,6782,1580,10533,7516,6708,6689,7529,783,3927,21519,2462
Bacteria,Bacteroidetes,Bacteroidia,Bacteroidales,Porphyromonadaceae,Barnesiella,0,802,560,24,0,0,197,107,0,154,0,0,36,0,0,0,84,0,1116,743,0,94,753,919,13,154,184,50,70,12,51,77,262,26,348,575,19,18,346,73,0,0,42,779,0,152,226,39,0,2136,554,33,0,40,211,319,0,333,0,0,434,0,525,43,0,17,11,434,25,98,132,36,123,12,206,72,45,0,157,0,62,91,118,254,21,333,0,20,0,44,0,0,760,79,435,0,13,241,0,0
Bacteria,Actinobacteria,Actinobacteria (class),Bifidobacteriales,Bifidobacteriaceae,Bifidobacterium,135,49,0,135,1366,21,138,43,32,17,16,49,0,52,33,30,143,283,0,15,130,70,23,638,12,63,25,0,67,257,28,0,136,858,86,42,202,61,0,61,2168,67,0,38,0,22,0,23,0,109,24,57,0,0,258,228,59,54,25,68,587,574,301,71,170,58,45,518,94,129,73,0,0,344,108,134,0,0,108,77,17,44,0,44,195,23,432,74,12,153,132,0,15,0,68,1565,120,0,32,81
Bacteria,Firmicutes,Clostridia,Clostridiales,unclassified (derived from Clostridiales),Blautia,343,924,178,217,414,334,487,793,612,221,370,168,576,619,1968,446,604,353,286,953,235,1032,150,2297,262,2110,239,193,466,1735,287,760,1672,305,1789,2282,642,111,1260,222,799,731,1272,990,1310,440,262,1079,569,532,533,600,903,597,993,814,729,597,1306,423,874,327,1290,1206,1827,272,465,1525,156,698,815,361,171,1142,241,875,100,203,478,457,571,414,155,339,404,315,826,390,451,241,497,1446,191,430,151,708,623,246,560,538
Bacteria,Proteobacteria,Alphaproteobacteria,Rhizobiales,Bradyrhizobiaceae,Bosea,0,0,0,0,0,0,0,0,0,0,0,0,0,0,0,0,0,0,0,0,0,0,0,0,0,0,0,0,0,0,0,0,0,0,0,0,0,0,0,0,0,0,0,0,0,0,0,0,0,0,0,0,0,39,0,0,0,0,0,0,0,0,0,0,0,0,0,0,0,0,0,0,0,0,0,0,0,0,0,0,0,0,0,0,0,0,0,0,0,0,0,0,0,0,0,0,0,0,0,0
Bacteria,Proteobacteria,Alphaproteobacteria,Rhizobiales,Bradyrhizobiaceae,Bradyrhizobium,0,0,0,0,0,0,0,0,0,0,0,0,0,0,0,0,0,0,0,0,0,0,0,0,0,0,0,0,0,0,0,0,0,0,0,0,0,0,0,0,0,0,0,0,0,0,0,0,0,0,0,127,0,0,0,0,0,0,0,0,0,0,0,0,13,0,0,0,0,0,0,0,0,0,0,0,0,0,0,0,0,0,0,0,0,0,0,0,0,0,0,0,0,0,0,0,0,0,0,0
Bacteria,Bacteroidetes,Bacteroidia,Bacteroidales,Porphyromonadaceae,Butyricimonas,33,59,0,14,0,0,0,48,143,72,17,0,90,323,977,96,48,0,772,11,0,202,0,602,96,33,169,414,37,85,80,332,67,75,21,119,18,456,44,0,0,0,24,0,0,0,0,0,164,545,0,72,0,64,0,41,0,0,0,0,76,0,0,49,386,29,130,153,447,0,0,0,175,0,21,254,61,34,0,41,0,15,0,380,229,317,45,79,0,17,0,281,18,43,89,106,0,270,0,212
Bacteria,Firmicutes,Clostridia,Clostridiales,Lachnospiraceae,Butyrivibrio,316,492,41,40,60,61,230,85,125,485,533,15,46,71,83,50,141,53,15,475,0,1436,217,243,53,28,30,29,78,962,43,406,446,126,703,345,182,95,362,124,90,12,159,67,333,145,154,54,340,505,402,374,544,178,153,323,48,342,268,28,44,46,143,50,64,247,88,152,0,78,17,160,497,20,157,461,91,0,168,130,197,164,0,531,116,99,15,36,202,335,65,760,113,40,14,293,95,0,84,42
Bacteria,Firmicutes,Clostridia,Thermoanaerobacterales,Thermoanaerobacterales Family III. Incertae Sedis,Caldicellulosiruptor,0,0,0,0,0,0,0,0,0,73,0,0,0,0,0,0,0,0,0,656,0,0,0,0,0,0,0,0,376,0,0,0,0,0,0,0,0,0,0,0,0,0,0,0,0,0,0,0,0,0,0,0,0,0,0,0,0,0,0,0,0,0,14,0,0,0,0,0,0,0,0,0,0,0,0,0,0,0,0,0,0,0,0,0,0,0,0,0,0,0,0,0,0,0,0,0,0,0,0,292
Bacteria,Firmicutes,Clostridia,Clostridiales,Clostridiaceae,Caloramator,58,346,636,74,608,312,324,120,224,458,250,124,30,72,542,5524,4024,526,2854,806,316,240,136,226,348,128,62,304,170,54,1578,276,376,238,2236,438,738,142,1556,26,154,6424,116,184,204,60,934,1408,686,374,292,730,2512,350,826,5444,510,522,5510,14646,282,174,252,856,11694,474,344,46,60,162,130,60,386,78,96,102,8504,2332,840,846,154,466,11800,1684,160,416,78,652,204,334,334,318,76,66,180,114,728,288,98,1436
Bacteria,Proteobacteria,Epsilonproteobacteria,Nautiliales,Nautiliaceae,Caminibacter,0,0,0,0,0,0,0,0,0,0,0,0,0,0,0,0,0,0,0,0,0,0,0,0,0,0,0,0,0,0,0,0,0,0,0,0,0,0,64,0,0,0,0,0,0,0,0,0,0,0,0,0,0,0,0,0,0,0,0,0,0,0,0,0,0,0,0,0,0,0,0,0,0,0,0,0,0,0,0,0,0,0,0,0,0,0,0,0,0,0,0,0,0,0,0,0,0,0,0,36
Bacteria,Tenericutes,Mollicutes,Acholeplasmatales,Acholeplasmataceae,Candidatus Phytoplasma,0,0,0,0,0,0,0,0,0,0,0,0,0,0,0,0,0,0,0,0,0,0,0,0,0,0,0,12,0,0,0,0,0,13,0,0,0,0,0,0,0,0,0,0,0,0,0,10,0,0,0,0,0,0,0,0,0,0,0,0,0,0,0,0,26,0,0,19,0,0,0,0,0,0,0,0,12,12,0,0,14,10,0,0,0,0,0,0,0,0,0,0,0,0,17,0,0,0,0,0
Bacteria,Cyanobacteria,unclassified (derived from Cyanobacteria),Pleurocapsales,unclassified (derived from Pleurocapsales),Chroococcidiopsis,0,0,0,0,0,0,0,0,0,0,0,0,0,0,0,0,0,0,0,0,0,0,0,0,0,0,0,0,0,0,0,0,0,0,0,0,0,0,0,0,0,0,0,0,0,0,0,0,0,0,0,0,0,0,0,0,0,0,0,0,0,0,0,0,0,0,0,0,0,0,0,0,0,0,0,0,0,0,0,0,0,0,0,0,0,0,0,11,0,0,0,0,0,0,0,0,0,0,0,0
Bacteria,Firmicutes,Clostridia,Clostridiales,Clostridiaceae,Clostridium,1017,4391,825,399,1650,2639,5619,1106,5215,2944,851,1087,633,415,2614,2882,1656,2497,6978,6404,1660,8004,1678,1774,2789,3083,705,1397,2402,1303,3326,3576,9044,3137,4427,6771,1874,1399,2311,353,6336,2925,1716,1202,2556,365,1443,2452,1189,2405,2476,3531,3647,6562,5280,2010,2069,2562,2753,2039,2666,2005,4130,1406,3613,5687,2958,868,388,1115,1660,1181,4410,1692,3050,1758,2714,1678,2687,1991,1981,993,1327,2923,2193,1994,1037,1899,1226,2994,954,764,530,457,967,1251,1826,709,1748,4909
Bacteria,Proteobacteria,Deltaproteobacteria,Myxococcales,Myxococcaceae,Corallococcus,0,14,0,0,0,0,0,0,0,0,0,0,0,0,0,0,0,0,0,0,0,0,0,0,0,0,0,0,0,0,0,0,0,0,0,0,0,0,0,0,0,0,0,0,0,0,0,0,0,0,0,0,0,0,0,0,0,0,0,0,0,0,0,0,0,0,0,0,0,0,0,0,0,0,0,0,0,0,0,0,0,0,0,0,0,0,0,0,0,0,0,0,0,0,0,0,0,0,0,0
Bacteria,Proteobacteria,Gammaproteobacteria,Enterobacteriales,Enterobacteriaceae,Cronobacter,0,0,0,0,0,0,0,0,0,0,0,0,0,0,0,0,0,0,0,19,0,0,0,0,0,0,0,0,0,0,0,0,0,0,0,0,0,0,0,0,0,0,0,0,0,0,0,0,0,0,0,0,0,0,0,0,0,0,0,0,0,0,0,0,0,0,0,0,0,0,0,0,0,0,0,0,0,0,0,0,0,0,0,0,0,0,0,0,0,0,0,0,0,0,0,0,0,0,0,0
Bacteria,Proteobacteria,Deltaproteobacteria,unclassified (derived from Deltaproteobacteria),unclassified (derived from Deltaproteobacteria),Desulfocaldus,161,0,0,0,0,0,0,0,0,0,0,0,0,0,0,0,0,0,0,0,0,0,0,0,0,0,0,0,0,0,0,0,0,0,0,0,0,0,0,0,0,0,0,0,0,0,0,0,0,0,0,0,0,0,0,0,0,0,0,0,0,0,0,0,0,0,0,0,0,0,0,0,0,0,0,0,0,0,0,0,0,0,0,0,0,0,0,0,0,0,0,0,0,0,0,0,0,0,0,0
Bacteria,Firmicutes,Clostridia,Clostridiales,Peptococcaceae,Desulfotomaculum,0,0,0,0,0,0,0,0,0,0,0,0,0,0,0,0,18,0,0,29,0,0,0,0,0,0,0,0,0,0,0,0,0,0,0,0,0,0,0,0,0,0,0,0,0,0,0,0,0,0,0,0,0,0,115,0,0,0,0,0,0,0,0,0,0,0,0,0,0,0,0,0,0,0,0,0,0,0,0,0,0,0,0,0,0,0,0,0,0,0,0,0,0,0,0,0,0,0,0,44
Bacteria,Proteobacteria,Deltaproteobacteria,Desulfovibrionales,Desulfovibrionaceae,Desulfovibrio,0,0,0,0,0,0,0,0,0,0,0,0,0,0,0,0,0,0,0,0,0,0,0,0,0,0,0,0,0,0,0,0,0,0,0,0,0,0,0,0,0,0,0,0,0,0,0,0,0,0,0,0,0,0,0,0,0,0,0,0,0,0,0,0,0,0,0,0,0,0,0,0,0,0,0,0,0,0,0,0,0,0,0,0,0,0,0,0,0,0,0,0,0,0,0,0,0,0,0,62
Bacteria,Firmicutes,Negativicutes,Selenomonadales,Veillonellaceae,Dialister,98,0,17,0,0,88,173,130,0,150,0,0,0,0,81,14,56,57,0,60,56,0,29,0,0,0,0,0,208,0,80,0,0,0,161,0,38,0,124,26,68,0,0,68,57,145,0,49,0,0,121,0,626,0,146,23,0,0,0,34,11,0,81,0,0,122,0,0,0,65,55,56,0,37,106,230,0,13,0,11,61,44,0,73,91,0,0,0,30,29,0,358,33,0,0,0,82,0,0,20
Bacteria,Cyanobacteria,unclassified (derived from Cyanobacteria),Nostocales,Nostocaceae,Dolichospermum,0,0,0,0,25,0,0,0,0,0,0,0,0,0,0,0,0,0,0,0,0,0,0,0,0,0,0,0,0,0,0,0,18,0,0,0,0,0,0,0,0,0,0,0,0,0,0,0,0,0,0,0,0,0,0,0,0,0,0,0,16,0,0,0,0,0,0,0,0,0,0,0,0,0,0,0,0,0,0,0,0,0,0,0,0,0,0,0,0,0,0,0,0,0,0,0,0,0,0,0
Bacteria,Actinobacteria,Actinobacteria (class),Coriobacteriales,Coriobacteriaceae,Eggerthella,0,11,0,0,0,0,0,0,0,0,0,0,0,10,0,26,0,0,0,0,0,11,0,0,0,0,0,0,0,0,0,0,0,0,0,0,0,0,0,0,0,0,0,0,0,0,0,0,0,10,0,0,0,0,0,35,0,0,0,24,0,0,0,0,0,0,0,0,0,0,0,0,0,0,0,0,0,0,0,0,0,0,0,0,0,0,0,0,0,0,0,0,0,0,0,0,0,0,0,0
Bacteria,Proteobacteria,Gammaproteobacteria,Enterobacteriales,Enterobacteriaceae,Enterobacter,0,0,0,0,0,0,0,21,0,0,0,0,0,0,0,0,0,0,0,0,0,0,0,0,0,0,0,0,0,0,0,0,0,0,0,0,0,0,0,0,0,0,0,0,0,0,0,0,0,0,0,0,0,0,0,0,0,0,0,0,0,0,0,0,0,0,0,0,0,0,0,0,0,0,0,0,0,0,0,0,0,0,0,0,0,0,0,0,0,0,0,0,0,0,0,0,0,0,0,0
Bacteria,Firmicutes,Bacilli,Lactobacillales,Enterococcaceae,Enterococcus,0,0,0,0,10,0,0,0,0,0,0,0,0,0,0,0,0,0,0,0,16,0,0,0,0,0,0,0,0,0,0,0,0,0,0,0,0,0,0,0,0,0,0,0,0,0,0,0,0,0,0,0,0,0,0,0,0,0,0,0,0,0,0,0,0,0,0,0,0,0,0,0,0,0,0,0,0,0,0,0,0,0,0,0,0,0,0,0,0,0,0,0,0,0,0,0,0,0,0,0
Bacteria,Firmicutes,Erysipelotrichi,Erysipelotrichales,Erysipelotrichaceae,Erysipelothrix,26,625,28,184,3965,47,48,73,168,59,68,472,16,0,928,104,36,319,4632,25,212,515,208,40,33,24,96,303,137,50,625,64,40,114,16,1049,41,176,275,88,243,513,2247,10,305,96,784,315,261,595,40,92,128,152,88,201,272,11,232,296,48,1824,178,115,2920,193,80,33,80,80,82,16,298,328,0,177,1930,658,793,131,442,616,680,131,0,314,456,56,95,24,114,216,16,80,224,104,580,18530,392,312
Bacteria,Proteobacteria,Gammaproteobacteria,Enterobacteriales,Enterobacteriaceae,Escherichia,0,0,0,0,0,0,0,0,0,0,12,2607,0,10,0,0,0,0,0,0,33,0,0,0,0,0,0,17,0,0,0,72,0,0,0,0,0,0,308,0,0,0,0,0,0,0,0,41,0,12,0,34,0,0,0,0,67,0,12,0,0,10,0,0,0,0,0,0,0,0,0,0,359,0,0,0,0,0,0,12,0,222,0,37,0,69,0,0,0,0,0,0,0,0,499,0,0,0,0,0
Bacteria,Firmicutes,Clostridia,Clostridiales,Ruminococcaceae,Ethanoligenens,0,13,0,0,66,0,41,0,0,0,0,0,293,0,18,10,17,0,0,35,0,0,0,0,0,0,0,0,0,0,0,0,0,0,17,42,0,0,11,0,12,16,10,0,0,0,16,0,12,15,0,14,14,0,11,10,0,0,0,20,0,0,14,0,15,0,0,0,0,0,0,0,0,0,0,0,23,0,0,0,0,11,0,38,0,0,0,0,0,0,0,0,0,0,0,0,0,14,11,12
Bacteria,Firmicutes,Clostridia,Clostridiales,Eubacteriaceae,Eubacterium,1875,5084,981,394,780,1395,2480,1905,1714,968,3511,963,563,129,1662,268,2023,884,319,2297,345,1322,1092,4273,341,1093,615,134,2007,2218,974,3982,6841,1223,4310,1942,950,2060,2360,662,1628,282,617,4012,2600,1039,1735,1913,653,743,2107,1248,4413,2986,1201,2569,102,1771,1148,157,596,227,5376,2363,942,577,1621,2887,670,1066,1719,1782,2420,52,727,1308,244,452,1087,1911,3616,1807,263,2220,1361,159,1195,991,334,992,320,797,1015,1151,80,1034,817,567,790,786
Bacteria,Firmicutes,Clostridia,Clostridiales,Ruminococcaceae,Faecalibacterium,2055,2453,445,215,720,1347,3407,1527,1252,2028,1803,2466,271,53,3730,320,1711,1705,1106,1287,558,3730,1262,3131,331,844,255,1456,2408,3849,1110,2062,2153,1078,2682,6977,1108,820,2370,56,1794,532,517,1235,3151,404,1271,1988,1289,1808,2716,3621,1182,604,3250,2394,100,2343,1278,56,2860,953,3761,1623,529,2048,1560,4934,1711,1509,850,2148,852,2662,1501,1227,53,1533,1360,2394,1663,170,440,2579,2528,1746,1038,2099,1449,1252,866,2557,547,1372,518,1292,1057,476,1956,1383
Bacteria,Firmicutes,Clostridia,Clostridiales,Clostridiales Family XII. Incertae Sedis,Fusibacter,0,0,20,0,0,0,0,0,0,15,0,0,0,0,0,0,67,0,0,33,0,12,0,0,0,0,0,0,21,0,236,0,175,16,0,0,0,0,0,0,0,0,13,0,17,0,0,0,0,0,0,270,0,37,0,0,0,0,0,0,0,0,0,0,0,0,0,0,0,0,0,0,0,0,0,0,12,130,25,0,0,0,34,31,0,0,0,0,0,0,0,0,0,32,0,0,0,0,11,0
Bacteria,Cyanobacteria,unclassified (derived from Cyanobacteria),Oscillatoriales,unclassified (derived from Oscillatoriales),Geitlerinema,0,0,0,0,0,0,0,0,0,0,0,0,0,0,0,0,0,0,0,0,0,0,0,0,0,0,0,0,0,0,0,0,0,0,0,0,0,0,0,0,0,0,0,0,0,0,0,0,0,0,0,0,0,0,0,0,0,0,0,0,0,0,0,0,0,0,0,0,0,0,0,0,0,0,0,0,0,0,0,0,0,0,0,116,0,0,0,0,0,0,0,0,0,0,0,0,0,0,0,0
Bacteria,Firmicutes,Bacilli,Bacillales,unclassified (derived from Bacillales),Gemella,0,0,0,0,0,0,0,0,0,0,0,0,0,0,0,0,0,0,0,0,0,0,0,0,0,0,0,0,0,0,0,14,0,16,0,0,0,0,0,0,0,0,0,0,0,0,0,0,0,0,0,0,0,0,0,0,0,0,0,0,0,0,0,0,0,0,0,0,0,0,0,0,0,0,0,0,0,0,0,0,0,0,28,0,0,0,0,0,0,0,0,0,0,0,0,0,0,0,0,14
Bacteria,Firmicutes,Bacilli,Bacillales,Bacillaceae,Geobacillus,0,0,19,0,0,0,11,0,0,0,0,0,0,0,0,0,0,0,0,0,0,29,0,0,0,0,0,0,0,0,0,44,0,15,0,0,0,0,0,0,0,0,0,10,0,12,0,0,0,0,0,0,0,70,0,0,0,0,0,0,0,0,0,0,0,33,0,0,0,0,0,0,28,0,0,0,0,0,10,0,0,0,0,0,0,0,0,0,0,0,0,0,0,0,0,0,0,0,0,0
Bacteria,Proteobacteria,Alphaproteobacteria,Rhodospirillales,Acetobacteraceae,Gluconacetobacter,0,0,0,0,0,0,0,0,0,0,0,0,0,0,0,0,0,0,0,0,0,0,0,0,0,0,0,0,0,0,0,0,0,0,0,0,0,28,0,0,0,0,0,0,0,0,0,0,0,0,0,0,0,0,0,0,0,0,0,0,0,0,0,0,0,0,0,0,0,0,0,0,0,0,0,0,0,0,0,0,0,0,0,0,0,0,0,0,68,0,0,0,0,0,0,0,0,0,0,0
Bacteria,Proteobacteria,Gammaproteobacteria,Pasteurellales,Pasteurellaceae,Haemophilus,0,0,0,0,0,0,0,0,0,0,0,0,0,0,0,0,0,0,0,0,0,0,0,0,0,0,0,0,0,0,0,0,10,0,0,0,0,0,0,0,0,0,0,0,0,0,0,0,0,0,0,0,0,0,0,0,0,0,0,0,0,0,138,0,0,0,0,0,0,0,0,0,0,0,26,0,0,0,0,0,0,0,0,0,0,0,0,0,0,0,0,0,0,0,0,0,0,0,0,0
Bacteria,Proteobacteria,Gammaproteobacteria,Enterobacteriales,Enterobacteriaceae,Hafnia,0,0,0,0,0,0,0,0,0,0,0,0,0,0,0,0,0,0,0,0,0,0,0,0,0,0,0,17,0,0,0,0,0,0,0,0,0,0,0,0,0,0,0,0,0,0,0,0,0,0,0,0,0,0,0,0,0,0,0,0,0,0,0,0,0,0,0,0,0,0,0,0,0,0,0,0,0,0,0,0,0,0,0,0,0,0,0,0,0,0,0,0,0,0,0,0,0,0,0,0
Bacteria,Firmicutes,Clostridia,Clostridiales,Heliobacteriaceae,Heliobacterium,0,0,0,0,0,0,0,0,0,0,0,0,0,0,0,0,0,0,0,0,0,0,0,0,0,0,0,0,0,0,0,0,0,0,0,0,0,0,0,0,0,0,0,0,0,0,0,0,0,0,0,0,0,0,28,0,0,0,0,0,0,0,0,0,0,0,0,0,0,0,0,0,0,0,0,0,0,0,0,0,0,0,0,0,0,0,0,0,0,0,0,0,0,0,0,0,0,0,0,0
Bacteria,Firmicutes,Clostridia,Clostridiales,Lachnospiraceae,Hespellia,386,510,0,155,13,126,71,754,598,33,422,112,20,530,10,18,164,454,37,690,0,38,211,44,83,738,0,85,2221,344,263,562,338,172,1117,1616,243,14,322,0,14,24,221,80,85,44,16,230,78,68,266,919,416,79,69,14,309,404,215,78,132,18,118,30,150,361,99,48,36,124,206,106,487,82,253,270,80,290,1788,13,59,42,2512,486,1006,51,489,236,0,25,521,27,343,119,19,49,84,91,155,167
Bacteria,Aquificae,Aquificae (class),Aquificales,Aquificaceae,Hydrogenobaculum,0,0,0,13,0,0,0,0,0,0,0,0,0,0,0,0,0,0,174,0,0,0,0,0,0,0,0,0,0,0,0,0,0,0,0,10,0,0,0,0,0,0,0,0,0,0,0,0,0,0,0,0,0,0,0,0,0,0,0,0,0,0,0,0,0,0,0,0,0,0,0,0,0,0,0,0,0,0,0,0,0,0,59,0,0,0,0,0,0,0,0,0,0,0,0,0,0,0,0,0
Bacteria,Fusobacteria,Fusobacteria (class),Fusobacteriales,Fusobacteriaceae,Ilyobacter,0,0,0,0,0,0,0,0,0,0,120,0,0,0,0,0,230,0,0,0,0,0,0,0,0,0,0,0,0,0,0,0,0,0,0,0,0,0,0,0,0,0,0,0,0,0,0,0,0,0,0,0,0,0,0,0,0,0,0,0,0,0,0,0,0,0,0,0,0,0,0,0,0,0,0,0,0,0,0,0,0,0,0,0,0,0,1496,0,0,0,0,0,0,0,0,0,0,0,0,0
Bacteria,Proteobacteria,Gammaproteobacteria,Enterobacteriales,Enterobacteriaceae,Klebsiella,0,0,0,0,0,0,0,0,0,0,0,0,0,0,0,0,0,0,0,22,0,0,0,0,0,0,0,0,0,0,0,0,0,0,0,0,0,0,0,0,0,0,0,0,0,0,0,0,0,0,0,0,0,0,0,0,0,0,0,0,0,44,0,0,0,0,0,0,0,0,0,0,0,0,0,0,0,0,0,0,0,0,0,0,0,0,0,0,0,0,0,0,0,0,0,0,0,0,0,0
Bacteria,Firmicutes,Bacilli,Bacillales,Thermoactinomycetaceae,Laceyella,0,0,0,0,0,0,0,0,30,0,0,0,0,0,0,0,0,0,0,0,0,0,0,16,0,0,0,0,0,0,0,0,0,0,0,0,0,0,0,0,0,0,0,0,0,0,0,0,0,0,0,0,0,0,0,0,0,0,0,0,0,0,0,0,19,0,0,0,0,0,0,0,0,0,0,0,0,0,0,0,0,0,0,0,0,0,24,0,0,0,0,0,0,0,0,0,0,0,0,0
Bacteria,Firmicutes,Bacilli,Lactobacillales,Lactobacillaceae,Lactobacillus,0,217,0,0,22,124,194,14,404,52,64,102,11,0,328,0,20,105,72,91,186,82,21,79,0,10,14,30,317,69,46,17,226,83,88,32,48,0,60,0,86,0,0,0,0,12,11,19,0,27,57,0,275,61,0,494,393,89,291,0,19,49,17,69,11,44,148,0,233,0,0,0,74,0,352,0,13,123,173,280,66,17,0,63,39,527,70,433,16,70,11,0,54,0,168,416,25,263,133,119
Bacteria,Firmicutes,Bacilli,Lactobacillales,Streptococcaceae,Lactococcus,0,0,0,0,0,0,0,15,0,0,0,0,0,0,0,0,0,0,0,0,0,0,0,0,0,0,0,0,0,0,0,0,0,0,0,0,0,0,0,0,0,0,0,0,0,0,0,0,0,0,0,0,0,0,0,0,0,0,0,0,0,0,0,0,0,0,0,0,0,0,0,0,0,0,0,0,0,0,0,0,0,0,0,0,0,0,54,0,0,0,0,0,0,0,0,0,0,0,0,0
Bacteria,Firmicutes,Bacilli,Lactobacillales,Leuconostocaceae,Leuconostoc,0,0,0,0,0,0,0,0,0,0,0,0,0,0,0,0,0,0,0,0,0,0,0,0,0,0,0,0,0,0,0,0,0,0,0,0,0,0,0,0,0,0,0,0,0,0,0,0,0,0,0,0,0,0,0,0,0,0,0,0,0,0,0,0,0,0,0,0,12,0,0,0,0,0,0,0,0,0,0,0,0,0,0,0,0,0,0,0,0,0,0,0,0,0,0,0,0,0,0,0
Bacteria,Firmicutes,Bacilli,Bacillales,Bacillaceae,Lysinibacillus,0,0,0,0,20,0,0,0,0,0,0,0,0,0,0,12,0,0,35,0,0,0,0,0,0,0,0,0,0,0,0,0,0,0,0,0,0,0,0,0,0,0,0,0,0,0,0,0,0,0,0,0,0,0,209,33,0,0,0,0,0,0,57,0,0,0,0,0,0,0,0,0,0,0,0,0,0,0,0,0,0,0,12,0,0,0,0,0,0,0,0,0,0,0,0,0,0,0,0,0
Bacteria,Proteobacteria,Gammaproteobacteria,Pasteurellales,Pasteurellaceae,Mannheimia,0,0,0,0,0,0,0,0,0,0,0,0,0,0,0,0,0,0,0,0,0,0,0,0,0,0,0,0,0,0,0,0,0,0,0,0,0,0,0,0,0,0,0,0,0,0,0,0,0,0,30,0,0,0,0,0,0,0,0,0,0,0,0,0,0,0,0,0,0,0,0,0,0,0,0,0,0,0,0,0,0,0,0,0,0,0,0,0,0,0,0,0,0,0,0,0,0,0,0,0
Bacteria,Firmicutes,Negativicutes,Selenomonadales,Veillonellaceae,Megamonas,0,0,0,0,22,47,0,20,110,0,0,0,0,0,126,10,23,16,85,0,0,0,103,0,0,24,18,0,0,0,0,0,0,0,114,66,24,0,0,0,0,0,50,10,14,0,40,16,10,0,0,0,22,0,88,34,0,0,30,20,0,24,68,406,94,0,0,0,10,0,0,0,0,50,0,311,24,0,34,84,14,0,46,14,0,0,0,0,0,0,0,0,0,10,16,87,0,16,16,27
Bacteria,Firmicutes,Negativicutes,Selenomonadales,Veillonellaceae,Megasphaera,0,0,0,0,0,14,0,0,0,0,12,0,0,0,0,0,0,0,0,0,0,75,10,0,0,0,0,0,0,0,0,21,63,0,0,11,0,0,73,0,0,163,0,0,0,0,0,0,0,0,0,0,0,0,0,0,0,0,0,0,0,0,0,0,0,0,0,0,0,0,0,0,0,0,0,0,0,0,0,0,0,0,16,0,0,0,0,14,0,0,0,0,0,0,0,0,10,0,0,0
Bacteria,Tenericutes,Mollicutes,Entomoplasmatales,Entomoplasmataceae,Mesoplasma,0,12,10,0,0,0,0,0,0,50,0,0,0,0,0,724,196,10,0,0,0,0,0,0,0,10,0,0,74,0,44,0,0,16,0,0,0,0,0,0,0,0,0,0,0,0,408,0,0,0,17,0,0,0,12,0,0,0,0,0,0,0,0,0,0,16,0,0,0,0,0,0,0,0,0,20,0,0,0,0,0,0,0,0,0,0,0,20,0,38,0,0,0,0,0,0,0,0,0,0
Archaea,Euryarchaeota,Methanobacteria,Methanobacteriales,Methanobacteriaceae,Methanobrevibacter,0,0,0,0,0,0,0,0,0,0,0,0,0,0,0,0,0,0,0,0,0,0,0,0,0,0,0,0,0,0,0,0,0,0,0,0,0,0,0,0,13,0,0,0,0,0,0,0,0,0,0,0,0,0,0,0,0,0,0,0,0,0,0,0,0,0,0,0,0,0,0,0,0,0,0,0,0,0,0,0,0,0,0,0,0,0,0,0,0,0,0,0,0,0,0,0,0,0,0,0
Bacteria,Proteobacteria,Gammaproteobacteria,Methylococcales,Methylococcaceae,Methylohalobius,0,0,0,0,0,0,0,0,0,0,0,0,0,0,0,0,0,0,0,0,0,0,0,0,0,0,0,0,0,0,0,0,0,0,14,0,0,0,0,0,0,0,0,0,0,0,0,0,0,0,0,0,0,0,0,0,0,0,0,0,0,0,0,0,0,0,0,0,0,0,0,0,0,0,0,0,0,0,0,0,0,0,0,0,0,0,0,0,0,0,0,0,0,0,0,0,0,0,0,0
Bacteria,Tenericutes,Mollicutes,Mycoplasmatales,Mycoplasmataceae,Mycoplasma,0,0,0,0,0,46,0,0,0,82,0,0,0,0,0,0,0,0,0,11,0,0,90,0,0,0,40,0,0,0,0,0,0,0,0,0,0,0,0,0,0,0,0,0,0,0,0,0,0,0,22,16,46,0,258,0,0,188,0,0,0,0,0,0,0,0,0,0,0,0,0,0,0,0,0,0,0,14,0,28,0,0,0,157,0,0,0,0,0,0,0,0,0,0,0,14,52,0,0,0
Bacteria,Proteobacteria,Gammaproteobacteria,Chromatiales,Ectothiorhodospiraceae,Nitrococcus,0,0,0,0,0,68,0,0,0,71,0,0,0,0,0,0,0,0,0,0,0,0,0,0,220,0,0,0,0,0,0,0,0,0,1528,0,0,0,0,0,52,0,0,0,0,0,0,0,0,0,0,0,0,0,0,0,0,0,0,0,0,0,11,0,0,0,0,0,0,0,0,0,0,0,0,0,0,0,0,48,0,0,0,0,0,0,0,0,38,0,0,0,0,0,0,0,45,0,0,0
Bacteria,Proteobacteria,Gammaproteobacteria,Enterobacteriales,Enterobacteriaceae,Obesumbacterium,0,0,0,0,0,0,0,0,0,0,0,0,0,0,0,0,0,0,0,10,0,0,0,0,0,0,0,0,0,0,0,0,0,0,0,0,0,0,0,0,0,0,0,0,0,0,0,0,0,0,0,0,0,0,0,0,0,0,0,0,0,0,0,0,0,0,0,0,0,0,0,0,0,0,0,0,0,0,0,0,0,0,0,0,0,0,0,0,0,0,0,0,0,0,0,0,0,0,0,0
Bacteria,Firmicutes,Bacilli,Bacillales,Paenibacillaceae,Paenibacillus,0,0,0,0,0,0,0,0,0,0,0,0,0,0,0,0,0,0,0,0,14,0,0,0,0,0,0,0,0,0,0,14,19,0,0,0,0,0,0,0,0,0,0,0,0,0,0,0,0,0,0,0,0,0,0,0,0,0,0,0,0,0,0,0,0,0,0,0,0,0,0,0,0,0,0,0,0,0,15,0,0,0,0,0,0,0,0,0,0,0,0,0,0,0,0,0,0,0,0,0
Bacteria,Bacteroidetes,Bacteroidia,Bacteroidales,Porphyromonadaceae,Parabacteroides,147,897,771,1557,1174,78,166,1991,405,1046,626,32,1321,19745,222,1167,729,1853,1939,822,3659,2272,1170,8788,794,579,651,1142,1508,1232,242,1567,712,864,1636,3554,1369,6030,1429,2203,523,2054,1575,2219,0,1079,1585,1305,595,530,458,1689,2939,664,770,3668,0,2245,2540,1659,1053,3908,835,1753,0,854,1245,2251,841,4122,1368,1690,2072,3579,1471,977,331,828,882,368,2599,1994,5383,556,2414,1335,3063,1374,941,1025,6717,0,448,952,1982,3011,209,390,6097,1533
Bacteria,Bacteroidetes,Bacteroidia,Bacteroidales,Prevotellaceae,Paraprevotella,0,0,0,0,0,76,0,0,67,0,0,0,0,0,0,0,0,0,0,0,0,18,0,0,0,0,0,0,0,0,12,0,0,13,0,0,0,0,0,0,0,0,0,0,0,0,0,0,0,0,83,0,0,0,0,0,0,0,0,0,45,0,0,0,0,0,0,0,0,0,0,0,0,0,0,0,0,0,0,0,0,0,0,0,0,0,0,0,0,0,0,0,0,0,0,0,0,0,0,0
Bacteria,Proteobacteria,Gammaproteobacteria,Pasteurellales,Pasteurellaceae,Pasteurella,10,0,0,0,0,0,0,0,0,0,0,0,0,0,0,0,0,0,0,10,0,0,0,0,0,0,0,0,0,0,0,0,0,0,0,0,0,0,0,0,0,0,0,0,0,0,0,0,0,0,0,0,0,0,60,0,0,0,0,0,0,0,0,0,0,0,0,0,0,0,0,0,0,0,0,0,0,0,0,0,0,0,0,0,0,0,0,0,0,0,0,0,0,0,0,0,0,0,0,0
Bacteria,Bacteroidetes,Sphingobacteria,Sphingobacteriales,Sphingobacteriaceae,Pedobacter,0,0,0,0,0,0,0,0,0,0,0,0,0,0,0,0,0,0,0,0,0,0,0,0,0,0,0,0,0,0,0,0,0,0,0,0,0,0,0,0,0,0,0,0,0,0,0,0,0,0,0,0,0,0,0,0,0,0,0,0,0,0,0,0,0,0,0,0,0,0,0,0,0,0,31,0,0,0,0,0,0,0,0,0,0,0,0,0,0,0,0,0,0,0,0,0,0,0,0,0
Bacteria,Firmicutes,Clostridia,Clostridiales,Peptococcaceae,Peptococcus,0,0,0,0,0,172,98,0,0,0,0,0,0,0,0,1073,0,159,18,187,0,632,0,0,21,89,0,564,21,23,0,1030,119,1361,600,50,0,0,0,0,630,0,0,0,0,0,0,0,0,0,0,11,273,113,0,0,0,26,0,0,91,0,0,0,13,962,0,0,0,415,0,0,0,0,0,0,1386,0,187,62,0,0,0,1224,20,0,0,0,0,1273,0,0,0,0,0,1634,313,0,158,0
Bacteria,Firmicutes,Clostridia,Clostridiales,Clostridiales Family XI. Incertae Sedis,Peptoniphilus,0,0,0,0,0,0,0,0,0,0,0,0,0,0,0,0,0,0,0,0,0,0,0,0,0,0,0,0,0,0,0,0,0,0,0,0,0,0,0,0,0,0,0,0,0,0,0,0,0,0,0,0,0,0,0,0,0,0,0,0,0,0,0,0,0,0,0,0,0,0,0,0,0,0,0,0,0,19,0,0,0,0,0,0,0,0,0,0,0,0,0,0,0,0,0,0,0,0,0,0
Bacteria,Aquificae,Aquificae (class),Aquificales,Hydrogenothermaceae,Persephonella,0,0,0,0,0,0,0,0,0,0,0,0,0,0,0,0,0,0,0,0,0,0,0,0,0,0,0,0,0,0,0,0,0,0,0,0,0,0,0,0,0,0,0,0,0,0,0,0,0,0,0,0,0,0,0,0,0,0,0,0,0,0,0,0,0,0,0,0,0,0,39,0,0,0,0,0,0,0,0,0,0,0,0,0,0,0,0,0,0,18,0,0,0,0,0,0,0,0,0,0
Bacteria,Cyanobacteria,unclassified (derived from Cyanobacteria),Pleurocapsales,unclassified (derived from Pleurocapsales),Pleurocapsa,0,13,0,0,0,0,0,0,95,14,0,0,0,0,0,0,0,0,0,0,18,24,0,0,0,17,0,0,13,31,0,51,0,0,18,0,0,0,0,0,0,0,0,0,24,19,0,0,0,22,0,45,0,0,0,0,0,0,0,0,0,0,0,11,0,0,0,18,0,0,0,0,15,0,0,26,0,0,0,0,0,0,0,0,0,0,31,0,0,17,0,0,0,0,0,0,0,0,0,0
Bacteria,Bacteroidetes,Bacteroidia,Bacteroidales,Porphyromonadaceae,Porphyromonas,0,0,0,0,0,0,0,0,0,0,0,0,0,0,0,0,0,0,0,21,0,0,0,0,0,0,0,0,0,0,0,0,0,0,0,23,0,0,0,0,0,0,0,0,0,0,0,0,0,0,0,0,0,0,0,0,0,0,0,0,10,0,0,0,0,0,0,0,0,0,0,0,0,0,0,0,0,178,0,0,0,0,0,12,0,0,0,0,0,0,0,0,0,0,0,0,0,0,0,0
Bacteria,Bacteroidetes,Bacteroidia,Bacteroidales,Prevotellaceae,Prevotella,0,170,0,0,34,1532,366,290,1175,164,2110,0,0,0,46,0,0,0,0,2453,0,733,80,0,17,65,219,0,91,0,483,0,0,294,496,12,343,0,0,0,0,0,1687,0,0,169,0,0,0,0,0,72,0,423,0,19,0,0,0,0,0,70,14,1005,0,834,264,493,46,0,0,0,0,0,0,0,0,0,309,23,0,0,0,0,975,0,87,42,1791,47,115,0,0,0,38,0,303,0,13,0
Bacteria,Cyanobacteria,unclassified (derived from Cyanobacteria),Prochlorales,Prochlorococcaceae,Prochlorococcus,0,0,0,0,0,0,0,0,0,0,0,0,0,0,0,0,0,0,0,0,0,0,0,0,0,0,0,0,0,0,0,0,0,0,0,0,0,0,0,0,0,0,0,0,0,0,0,0,0,18,0,0,0,0,0,0,0,0,0,0,0,0,0,0,0,0,0,0,0,0,0,0,0,0,0,0,0,0,0,0,0,0,0,0,0,0,0,0,0,0,0,0,0,0,0,0,0,0,0,0
Bacteria,Bacteroidetes,unclassified (derived from Bacteroidetes),unclassified (derived from Bacteroidetes),unclassified (derived from Bacteroidetes),Prolixibacter,0,0,0,66,0,0,0,0,0,0,0,0,0,0,0,0,0,13,0,0,0,0,0,0,12,0,0,0,0,0,0,0,34,0,55,0,0,0,0,0,0,0,0,0,0,0,24,0,0,0,0,0,0,0,0,0,0,0,0,0,0,46,0,0,0,0,0,0,0,0,0,0,0,0,0,78,0,0,0,0,0,0,27,0,0,0,0,14,0,0,0,0,0,0,0,0,0,0,0,25
Bacteria,Proteobacteria,Gammaproteobacteria,Enterobacteriales,Enterobacteriaceae,Proteus,0,0,0,0,0,0,0,0,0,0,0,0,0,0,0,0,0,0,0,0,0,0,0,0,0,0,0,0,0,0,0,0,0,0,0,0,0,0,0,0,0,0,0,0,0,0,0,0,0,0,0,0,0,0,0,0,18,0,0,0,0,0,0,0,0,0,0,0,0,0,0,0,0,0,0,0,0,0,0,0,12,0,0,0,0,0,0,0,0,0,0,0,0,0,0,0,0,0,0,0
Bacteria,Proteobacteria,Gammaproteobacteria,Pseudomonadales,Pseudomonadaceae,Pseudomonas,0,0,0,0,103,0,0,0,0,0,0,0,0,0,0,0,0,0,0,0,0,0,0,0,0,0,0,0,0,0,0,0,0,0,0,0,0,0,0,0,0,0,0,0,0,0,0,0,0,0,0,0,0,0,0,0,0,0,0,0,0,0,0,0,0,0,0,0,0,0,0,0,0,0,0,0,0,0,0,0,0,0,0,0,0,0,0,0,0,0,0,0,0,0,0,0,0,0,0,0
Bacteria,Bacteroidetes,Sphingobacteria,Sphingobacteriales,Rhodothermaceae,Rhodothermus,0,0,0,0,0,0,0,0,0,0,0,0,0,0,0,0,0,0,0,0,0,0,0,0,0,0,0,0,0,0,0,0,0,0,0,0,0,0,22,0,0,0,0,0,0,0,0,0,0,0,0,0,0,0,0,0,0,0,0,0,0,0,0,0,0,0,0,0,0,0,0,0,0,0,0,0,0,0,0,0,0,0,0,0,0,0,0,0,0,0,0,0,0,0,0,0,0,0,0,0
Bacteria,Bacteroidetes,Flavobacteria,Flavobacteriales,Flavobacteriaceae,Riemerella,0,0,188,0,0,1406,0,8590,0,133,744,0,0,0,0,0,0,0,0,0,29,2368,0,0,1374,0,110,0,0,0,0,0,0,108,10,0,0,0,0,0,0,0,0,0,0,0,0,0,21,0,0,0,1766,1105,0,0,0,1283,0,0,5800,0,0,0,0,0,0,0,0,0,0,0,0,0,0,0,0,0,0,19,0,0,0,0,0,0,0,273,0,0,0,0,0,0,0,0,0,0,0,0
Bacteria,Firmicutes,Clostridia,Clostridiales,Lachnospiraceae,Roseburia,19,33,0,0,0,0,16,34,0,0,15,0,0,0,181,0,0,0,0,155,40,0,0,0,0,22,0,0,0,20,0,0,19,53,187,0,0,39,0,0,0,0,0,0,221,0,0,0,0,0,0,0,10,0,47,0,0,10,0,0,35,0,81,11,0,0,98,114,0,197,0,67,106,0,0,47,0,0,57,0,59,0,0,0,125,0,0,19,0,0,0,304,35,0,0,0,50,0,0,0
Bacteria,Firmicutes,Clostridia,Clostridiales,Ruminococcaceae,Ruminococcus,643,664,49,467,1129,399,2725,2482,534,1105,1200,188,719,439,532,516,1170,519,292,1292,1730,1824,641,1557,630,632,104,802,401,1859,1440,1105,2345,188,1534,5217,786,1014,1685,231,1415,905,646,1367,745,425,267,706,1080,2172,1106,958,793,1215,927,292,533,676,359,323,2869,94,1810,486,546,1475,107,368,1030,1067,1021,412,763,34,817,2416,301,124,2023,610,1029,80,506,938,513,1152,96,776,1076,605,817,116,200,287,619,3100,277,174,1211,188
Bacteria,Firmicutes,Clostridia,Clostridiales,Clostridiaceae,Sarcina,57,30,0,0,0,221,18,0,55,47,0,0,0,0,0,0,0,55,0,151,0,0,21,0,0,40,0,23,51,131,147,102,279,0,0,0,23,18,0,0,16,0,0,0,0,0,0,0,0,31,22,66,88,0,324,58,0,30,0,0,0,0,0,0,16,20,0,0,0,0,0,0,0,0,0,0,17,12,148,66,0,0,0,128,152,0,0,0,0,11,0,0,11,0,0,0,0,0,0,0
Bacteria,Firmicutes,Negativicutes,Selenomonadales,Veillonellaceae,Selenomonas,34,424,1010,20,212,170,17,32,106,751,12,0,22,0,31,137,293,148,76,408,17,177,58,0,78,151,10,160,910,78,127,71,646,766,746,183,432,14,1123,152,427,2255,18,36,20,17,310,568,11,22,102,414,117,203,101,287,0,0,0,38,132,191,2945,17,48,109,316,26,15,33,77,188,194,43,38,144,305,202,938,56,29,18,125,598,281,30,61,247,23,579,148,0,0,0,85,49,410,38,90,204
Bacteria,Proteobacteria,Gammaproteobacteria,Enterobacteriales,Enterobacteriaceae,Shigella,0,0,0,0,0,0,0,0,0,0,0,27,0,0,0,0,0,0,0,0,0,0,0,0,0,0,0,17,0,0,0,0,0,0,0,0,0,0,0,0,0,0,0,0,0,0,0,0,0,0,0,0,0,0,0,0,0,0,0,0,0,10,0,0,0,0,0,0,0,0,0,0,0,0,0,0,0,0,0,0,0,0,0,0,0,0,0,0,0,0,0,0,0,0,0,0,0,0,0,0
Bacteria,Tenericutes,Mollicutes,Entomoplasmatales,Spiroplasmataceae,Spiroplasma,0,0,0,0,0,0,0,0,0,0,0,0,0,15,10,0,0,0,0,0,0,0,0,0,0,0,0,36,0,0,0,0,0,0,0,0,0,0,0,0,0,0,0,0,0,0,0,0,0,0,0,0,0,0,0,0,0,0,0,26,0,0,16,0,18,0,0,0,0,0,0,0,0,0,0,0,0,0,0,0,24,0,0,0,0,0,22,0,0,0,0,0,0,0,0,0,0,0,12,0
Bacteria,Firmicutes,Bacilli,Lactobacillales,Streptococcaceae,Streptococcus,0,0,0,0,0,80,16,0,0,0,13,0,0,0,45,0,0,0,0,0,0,0,0,60,0,0,0,0,0,19,0,0,0,0,0,158,30,0,0,0,125,0,0,0,0,0,0,0,12,0,0,0,0,0,0,0,0,0,25,0,0,0,0,0,0,12,0,18,0,0,0,0,0,0,0,0,91,209,0,0,0,0,0,26,12,451,396,10,0,0,0,0,0,0,0,0,0,0,0,0
Bacteria,Firmicutes,Clostridia,Clostridiales,Syntrophomonadaceae,Syntrophomonas,0,0,12,0,50,0,0,0,0,0,0,0,0,0,0,0,0,0,12,0,0,0,0,0,0,0,0,0,0,0,0,0,0,0,0,0,0,0,0,0,0,0,0,0,0,0,0,0,0,0,0,0,0,0,0,0,0,0,0,0,0,0,0,0,0,0,0,0,0,0,0,0,0,0,0,0,0,24,0,0,0,0,0,0,0,0,0,0,0,0,0,0,0,0,0,0,0,0,0,106
Bacteria,Proteobacteria,Gammaproteobacteria,Legionellales,Legionellaceae,Tatlockia,0,0,0,0,0,0,0,0,0,0,0,0,0,0,0,0,0,0,0,0,0,0,0,0,0,0,0,0,41,0,0,0,0,0,0,0,0,0,0,0,0,0,0,0,0,0,0,0,0,0,0,0,0,0,0,0,0,0,0,0,0,0,0,0,0,0,0,0,0,0,0,0,0,0,0,0,0,0,0,0,0,0,0,0,0,0,0,0,0,0,0,0,0,0,0,0,0,0,0,0
Bacteria,Firmicutes,Bacilli,Lactobacillales,Enterococcaceae,Tetragenococcus,0,0,0,0,0,0,0,0,0,0,0,0,0,0,0,0,0,0,0,0,0,0,0,0,0,42,0,0,0,0,0,0,0,0,0,0,0,0,0,0,0,0,0,0,0,0,0,0,0,0,0,0,0,0,0,0,0,0,0,0,0,0,0,0,0,0,0,0,0,0,0,0,0,0,0,0,0,0,0,0,0,0,0,0,0,0,0,0,37,0,0,0,0,0,0,0,0,0,0,0
Bacteria,Firmicutes,Clostridia,Thermoanaerobacterales,Thermodesulfobiaceae,Thermodesulfobium,0,0,0,0,0,0,0,0,0,0,0,0,0,0,0,0,0,0,0,0,0,0,0,0,0,0,0,0,0,0,0,0,0,0,0,0,0,0,0,0,0,0,0,0,0,0,0,0,0,0,69,0,0,0,0,0,0,0,0,0,0,0,0,0,0,0,0,0,0,0,0,0,0,0,0,0,0,0,0,0,0,0,0,0,0,0,0,0,0,0,0,0,0,0,0,0,0,0,0,0
Bacteria,Proteobacteria,Gammaproteobacteria,Chromatiales,Ectothiorhodospiraceae,Thioalkalivibrio,0,18,0,0,0,53,0,90,0,63,13,0,0,0,0,15,0,10,0,20,0,0,20,0,10,0,26,0,0,0,21,0,37,30,18,12,0,0,20,0,30,16,0,0,0,0,66,0,0,13,71,16,239,0,16,31,0,0,0,12,259,48,0,0,23,0,0,0,0,0,14,0,0,11,0,0,49,0,0,0,0,0,10,53,0,0,0,0,10,20,0,0,43,0,0,82,15,0,0,0
Bacteria,Firmicutes,Clostridia,Clostridiales,Clostridiales Family XI. Incertae Sedis,Tissierella,0,0,0,0,0,90,0,0,0,0,0,0,0,0,0,0,671,0,0,0,0,0,0,0,0,0,0,0,12,29,0,0,0,0,0,14,0,0,0,0,0,0,0,0,0,0,0,59,0,0,0,0,0,0,0,36,0,0,0,0,0,0,0,0,0,0,0,0,0,0,0,0,19,0,0,0,0,0,0,0,0,14,0,0,23,0,0,0,0,0,0,0,0,0,0,0,0,0,0,427
Bacteria,Firmicutes,Bacilli,Bacillales,Planococcaceae,Ureibacillus,0,22,0,0,0,22,59,0,0,12,0,0,0,0,0,0,0,0,0,19,0,58,16,0,0,0,0,0,37,0,0,27,38,0,0,89,0,33,0,0,24,0,18,0,0,0,26,0,95,0,12,0,0,0,0,0,0,0,65,0,0,0,0,0,0,10,0,0,0,15,0,0,0,10,51,0,0,47,38,136,0,17,0,0,22,0,0,0,0,25,0,0,0,0,0,0,0,0,0,16
Bacteria,Firmicutes,Negativicutes,Selenomonadales,Veillonellaceae,Veillonella,39,121,50,77,0,34,118,161,146,50,243,85,24,308,1138,64,168,54,58,150,88,162,209,146,56,27,50,16,82,196,87,124,133,69,118,197,89,19,173,11,78,53,332,146,37,241,70,73,0,59,94,79,43,288,86,205,110,109,195,37,68,21,489,82,100,193,156,60,46,59,96,76,108,17,151,94,16,11,66,70,160,139,82,178,47,103,152,87,45,231,26,275,22,35,14,49,21,0,138,75
Bacteria,Proteobacteria,Gammaproteobacteria,Xanthomonadales,Xanthomonadaceae,Xanthomonas,0,0,0,0,0,12,0,0,148,0,0,0,0,0,129,0,0,0,0,13,0,0,0,0,0,0,144,0,0,0,0,0,0,305,0,0,24,0,0,0,0,0,0,0,65,0,0,0,0,0,0,0,0,0,0,142,0,0,0,0,0,0,0,0,0,0,0,0,0,0,0,0,0,0,0,0,0,0,0,0,0,0,0,0,0,0,0,0,0,0,0,0,0,0,0,0,0,0,0,0
Bacteria,Cyanobacteria,unclassified (derived from Cyanobacteria),Pleurocapsales,unclassified (derived from Pleurocapsales),Xenococcus,0,0,0,0,0,0,0,0,0,0,0,0,0,0,0,33,10,0,0,0,0,0,0,0,0,0,0,0,0,0,0,0,0,0,0,0,0,0,0,0,14,0,0,0,0,0,0,0,0,0,0,0,26,0,0,0,0,0,0,0,0,0,0,0,0,0,0,0,0,0,0,0,0,0,0,0,11,0,0,0,0,0,0,0,0,0,0,0,0,0,0,0,0,0,0,0,0,0,0,0
Bacteria,Proteobacteria,Gammaproteobacteria,Enterobacteriales,Enterobacteriaceae,Yersinia,0,0,0,0,0,0,0,0,0,0,0,0,0,0,0,0,0,0,0,0,0,0,0,0,0,0,0,0,0,0,0,0,0,0,0,0,0,0,0,0,0,0,0,0,0,0,0,0,0,0,0,0,0,0,0,0,0,17,0,0,0,0,0,0,0,0,0,0,0,0,0,0,0,0,0,0,0,0,0,0,0,0,0,0,0,0,0,0,0,0,0,0,0,0,0,0,0,0,0,0
Bacteria,Proteobacteria,Alphaproteobacteria,unclassified (derived from Alphaproteobacteria),unclassified (derived from Alphaproteobacteria),unclassified (derived from Alphaproteobacteria),0,20,0,15,0,0,26,0,27,12,0,0,0,0,0,0,11,30,0,0,0,16,511,10,0,0,41,0,0,10,0,0,177,0,0,0,30,0,0,45,0,0,0,0,0,262,0,19,0,0,0,0,31,224,404,0,0,0,0,0,564,0,532,0,0,0,19,110,0,0,0,0,0,17,0,13,0,0,609,0,0,0,0,732,0,0,0,1650,0,0,0,0,0,22,0,0,28,0,0,0
Bacteria,unclassified (derived from Bacteria),unclassified (derived from Bacteria),unclassified (derived from Bacteria),unclassified (derived from Bacteria),unclassified (derived from Bacteria),196,1422,342,166,742,4236,1044,1301,1485,501,1544,150,216,679,345,551,1704,1167,1157,3069,1421,667,540,512,933,643,751,344,735,4574,2321,6282,1027,1331,4092,939,2520,94,534,199,1704,534,838,1374,194,844,2174,2464,475,1934,1229,1570,1557,437,3426,1300,126,2399,1721,1588,5048,402,1844,496,2771,656,5033,465,1666,810,679,681,1271,2185,538,1646,349,984,1835,1968,1253,985,278,6717,587,813,1134,754,328,2310,358,24,659,3893,194,511,7248,929,288,1654
Bacteria,Proteobacteria,Betaproteobacteria,unclassified (derived from Betaproteobacteria),unclassified (derived from Betaproteobacteria),unclassified (derived from Betaproteobacteria),0,0,0,0,0,0,92,0,0,0,0,0,0,0,0,0,0,0,0,0,0,0,0,0,0,0,0,0,0,0,0,0,0,0,0,0,0,0,0,0,0,0,0,0,0,0,0,0,0,0,0,0,0,0,0,0,0,0,0,0,0,0,0,0,0,0,0,0,0,0,0,0,0,0,0,0,0,0,0,0,0,0,0,0,0,0,0,0,0,0,0,0,0,0,0,0,0,0,0,0
Bacteria,Firmicutes,Clostridia,Clostridiales,unclassified (derived from Clostridiales),unclassified (derived from Clostridiales),826,782,210,88,331,111,675,295,996,356,456,249,95,588,966,218,222,244,368,229,114,1088,100,410,129,441,387,70,224,385,164,252,661,131,973,803,207,112,410,167,640,146,888,235,570,190,191,139,173,459,169,262,191,376,333,474,29,456,363,229,302,100,887,988,1016,243,147,635,293,438,215,246,149,697,359,922,121,56,689,162,427,104,351,370,141,109,395,388,118,332,273,555,103,132,72,167,52,204,265,185
Bacteria,Proteobacteria,Deltaproteobacteria,unclassified (derived from Deltaproteobacteria),unclassified (derived from Deltaproteobacteria),unclassified (derived from Deltaproteobacteria),0,48,49,0,0,0,78,30,0,0,0,0,0,0,0,0,12,23,90,382,0,37,47,0,109,0,217,16,23,0,0,0,0,18,780,0,0,0,14,0,60,0,13,0,0,0,50,36,0,0,76,11,116,0,534,10,0,0,23,0,29,0,32,0,0,0,20,11,0,0,0,0,0,0,10,27,77,0,16,0,0,0,0,166,0,23,161,0,0,37,0,0,0,19,0,0,133,0,0,13
Bacteria,Proteobacteria,Gammaproteobacteria,Enterobacteriales,Enterobacteriaceae,unclassified (derived from Enterobacteriaceae),0,0,41,0,0,0,0,0,0,0,0,0,0,0,0,0,0,0,0,0,0,0,0,0,0,0,0,0,0,0,0,0,0,0,0,0,0,0,0,0,0,0,0,0,0,0,0,0,0,0,0,0,0,0,0,0,0,0,18,0,0,0,0,122,0,13,0,0,0,0,0,0,0,0,0,0,0,0,0,0,0,0,0,0,0,0,0,0,0,0,0,0,0,0,0,0,0,0,0,0
Bacteria,Proteobacteria,Epsilonproteobacteria,unclassified (derived from Epsilonproteobacteria),unclassified (derived from Epsilonproteobacteria),unclassified (derived from Epsilonproteobacteria),0,0,0,0,0,0,0,0,0,0,0,0,0,0,0,0,0,0,0,0,0,0,444,0,0,0,0,0,0,0,0,0,0,0,0,0,0,0,0,0,0,0,0,0,0,0,0,0,0,0,0,0,0,0,0,0,0,0,0,0,0,0,0,0,0,0,0,0,0,0,0,0,0,0,0,0,0,0,0,0,0,0,0,0,0,0,0,0,0,0,0,0,0,0,0,0,0,0,0,0
Bacteria,Firmicutes,Erysipelotrichi,Erysipelotrichales,Erysipelotrichaceae,unclassified (derived from Erysipelotrichaceae),442,80,51,0,61,74,88,848,103,37,1022,98,579,73,623,23,33,518,145,62,1209,2773,13,55,28,188,149,16,63,609,104,298,247,363,97,1038,228,193,138,119,92,148,107,222,33,36,95,192,38,99,60,38,159,239,126,103,77,570,461,91,226,24,746,957,485,449,24,233,430,94,436,172,49,31,35,89,80,73,238,170,17,16,10,93,177,460,43,710,0,129,60,45,88,56,0,578,28,109,22,158
Archaea,Euryarchaeota,unclassified (derived from Euryarchaeota),unclassified (derived from Euryarchaeota),unclassified (derived from Euryarchaeota),unclassified (derived from Euryarchaeota),0,0,0,0,0,0,0,0,0,0,0,0,0,0,0,0,0,0,0,0,0,0,0,0,0,0,0,0,0,0,0,0,0,0,0,0,0,0,0,0,0,0,0,0,0,0,0,0,0,0,0,0,0,0,0,0,0,0,0,0,0,0,0,0,0,0,0,0,0,0,0,0,0,0,0,0,0,0,0,0,0,0,0,0,0,0,0,12,0,0,0,0,0,0,0,0,0,0,0,0
Bacteria,Proteobacteria,Gammaproteobacteria,unclassified (derived from Gammaproteobacteria),unclassified (derived from Gammaproteobacteria),unclassified (derived from Gammaproteobacteria),32,89,487,63,4343,182,383,0,160,437,240,0,0,0,484,1201,202,196,0,588,151,1139,425,0,0,106,47,250,362,10,271,214,57,97,512,0,103,0,15,204,293,0,0,43,65,0,0,50,0,89,407,400,6319,0,205,0,0,39,0,0,564,52,49,180,0,335,26,12,252,80,61,0,29,0,285,0,168,162,350,203,11,0,80,174,151,0,1448,73,28,232,115,0,38,786,0,124,152,0,220,86
Bacteria,Firmicutes,Clostridia,Clostridiales,Lachnospiraceae,unclassified (derived from Lachnospiraceae),389,1827,842,262,1018,793,2432,489,4869,1059,1029,49,516,107,2683,129,650,929,169,2605,717,1097,2204,137,569,851,1283,1133,2234,853,2012,1060,1096,1064,3437,2595,397,1091,1009,162,1274,711,547,498,1740,210,276,660,994,1155,2544,2903,1992,1707,1405,819,84,612,399,1061,1636,848,2327,941,647,2059,480,485,750,302,1680,557,1589,712,2150,1586,1788,436,667,1713,552,341,387,3145,1235,1203,763,484,1718,548,367,255,879,2859,1594,1398,565,1947,716,941
Bacteria,Firmicutes,Clostridia,Clostridiales,Ruminococcaceae,unclassified (derived from Ruminococcaceae),0,0,0,0,0,0,0,0,0,0,0,0,0,0,0,0,0,0,0,0,0,0,0,0,0,0,0,0,0,0,0,0,0,0,0,0,0,0,0,0,0,0,0,0,0,0,0,0,0,0,0,16,0,0,12,0,0,0,0,0,0,0,0,0,0,0,0,0,0,0,10,0,0,0,0,0,0,0,0,0,0,0,0,0,0,0,0,0,0,0,0,0,0,0,0,0,0,0,0,0
Bacteria,Proteobacteria,Gammaproteobacteria,Salinisphaerales,Salinisphaeraceae,unclassified (derived from Salinisphaeraceae),0,0,0,0,0,0,0,0,0,0,0,0,22,0,0,0,0,0,0,0,0,0,0,0,13,0,0,38,0,0,0,0,0,0,14,0,12,0,0,0,0,15,0,0,0,0,0,0,0,0,0,0,0,0,0,0,0,0,0,0,0,0,0,0,0,0,0,0,0,0,0,0,0,0,0,27,0,0,0,0,0,0,0,0,0,0,48,0,0,0,0,0,0,0,0,0,0,0,0,0
unclassified sequences,unclassified (derived from unclassified sequences),unclassified (derived from unclassified sequences),unclassified (derived from unclassified sequences),unclassified (derived from unclassified sequences),unclassified (derived from unclassified sequences),0,0,0,0,0,0,0,0,0,0,0,0,0,0,0,0,0,0,0,0,0,0,0,0,0,0,0,0,0,0,0,0,0,0,30,0,0,0,0,0,0,0,0,0,0,0,0,0,0,0,0,0,0,0,0,0,0,0,0,0,0,0,0,0,0,0,0,0,0,0,0,10,0,0,0,0,0,0,0,34,0,0,0,0,0,0,0,0,0,0,0,0,0,0,0,0,0,0,0,0
