sample_name,mgrast_id,depth,elevation,agrochem_addition,crop_rotation,cur_land_use,cur_vegetation,cur_vegetation_meth,drainage_class,extreme_event,fao_class,fire,horizon,horizon_meth,link_class_info,local_class,local_class_meth,misc_param,ph,ph_meth,pool_dna_extracts,previous_land_use,sieving,slope_gradient,soil_type,soil_type_meth,store_cond,texture,texture_meth,tillage,tot_n,tot_n_meth,water_content_soil,water_content_soil_meth,misc_param_1,misc_param_10,misc_param_11,misc_param_12,misc_param_13,misc_param_14,misc_param_15,misc_param_16,misc_param_17,misc_param_18,misc_param_2,misc_param_3,misc_param_4,misc_param_5,misc_param_6,misc_param_7,misc_param_8,misc_param_9,misc_param_ag_treatment,misc_param_ag_treatment_uniq,misc_param_fraction,misc_param_fraction_uniq
Unique name or id of the sample the library is derived from,MG-RAST Enviromental Package ID,"Depth is defined as the vertical distance in meters below surface, e.g. for sediment or soil samples depth is measured from sediment or soil surface, respectivly.",The elevation of the sampling site in meters as measured by the vertical distance from mean sea level.,"addition of fertilizers, pesticides, etc. - amount and time of applications","whether or not crop is rotated, and if yes, rotation schedule",present state of sample site,"vegetation classification from one or more standard classification systems, or agricultural crop",reference or method used in vegetation classification ,drainage classification from a standard system such as the USDA system,unusual physical events that may have affected microbial populations,soil classification from the FAO World Reference Database for Soil Resources,historical and/or physical evidence of fire,specific layer in the land area which measures parallel to the soil surface and possesses physical characteristics which differ from the layers above and beneath,reference or method used in determining the horizon,link to digitized soil maps or other soil classification information,soil classification based on local soil classification system,reference or method used in determining the local soil classification ,"any other measurement performed or parameter collected, that is not listed here",pH measurement,reference or method used in determining pH,were multiple DNA extractions mixed? how many?,previous land use and dates,collection design of pooled samples and/or sieve size and amount of sample sieved ,slope_gradient,soil series name or other lower-level classification,reference or method used in determining soil series name or other lower-level classification,explain how and for how long the soil sample was stored before DNA extraction.,"the relative proportion of different grain sizes of mineral particles in a soil, as described using a standard system; express as % sand (50 um to 2 mm), silt (2 um to 50 um), and clay (<2 um) with textural name (e.g., silty clay loam) optional.",reference or method used in determining soil texture,note method(s) used for tilling,total nitrogen content of the soil Units of g N/kg soil,reference or method used in determining the total N,water content (g/g or cm3/cm3),reference or method used in determining the water content of soil,"any other measurement performed or parameter collected, that is not listed here","any other measurement performed or parameter collected, that is not listed here","any other measurement performed or parameter collected, that is not listed here","any other measurement performed or parameter collected, that is not listed here","any other measurement performed or parameter collected, that is not listed here","any other measurement performed or parameter collected, that is not listed here","any other measurement performed or parameter collected, that is not listed here","any other measurement performed or parameter collected, that is not listed here","any other measurement performed or parameter collected, that is not listed here","any other measurement performed or parameter collected, that is not listed here","any other measurement performed or parameter collected, that is not listed here","any other measurement performed or parameter collected, that is not listed here","any other measurement performed or parameter collected, that is not listed here","any other measurement performed or parameter collected, that is not listed here","any other measurement performed or parameter collected, that is not listed here","any other measurement performed or parameter collected, that is not listed here","any other measurement performed or parameter collected, that is not listed here","any other measurement performed or parameter collected, that is not listed here","any other measurement performed or parameter collected, that is not listed here","any other measurement performed or parameter collected, that is not listed here","any other measurement performed or parameter collected, that is not listed here","any other measurement performed or parameter collected, that is not listed here"
CC12-LM-July2012,mge94361,,,72 lb N/acre liquid urea ammonia nitrate (32% solution) applied at planting (2012-5-11); Spray 28 oz/ac  Roundup PowerMax (49% glyphosate) + 19 oz/ac Outlook (2012-5-12);  100 lb N/acre liquid urea ammonia nitrate (32% solution) + 28 oz/ac Roundup PowerMax (49% glyphosate) (2012-6-12),no,row crop agriculture,7,USNVC,poorly drained,2012 drought year,Phaeozem,no,Ap,USDA Soil Survey,http://websoilsurvey.nrcs.usda.gov/app/WebSoilSurvey.aspx,Endoaquoll,USDA NRCS,5.237405777,6.77,"pH meter, 1:2 soil:H2O",no,"row crop, ?-2007",8-2 mm,0-3%,Webster silty clay loam,USDA NRCS,(-80C) for 3 months,"32.2, 37.4, 30.4",pipette,no,0.10344542563,dry combustion,0.131073446328,gravimetric,env_package: soil,15.298334358,1.71444050876,39.6301652747,4.4412391,13.3787688649,1.49932030263,1.12067135456,42,0.964601769912,3817.93502557,347.482387136,68.1896219296,31.7177915295,60.9971616319,447.389800595,258.818479639,29.0050456164,CC,CC_1,LM,LM_1
CC12-LM-October2012,mge94553,,,72 lb N/acre liquid urea ammonia nitrate (32% solution) applied at planting (2012-5-11); Spray 28 oz/ac  Roundup PowerMax (49% glyphosate) + 19 oz/ac Outlook (2012-5-12);  100 lb N/acre liquid urea ammonia nitrate (32% solution) + 28 oz/ac Roundup PowerMax (49% glyphosate) (2012-6-12),no,row crop agriculture,7,USNVC,poorly drained,2012 drought year,Phaeozem,no,Ap,USDA Soil Survey,http://websoilsurvey.nrcs.usda.gov/app/WebSoilSurvey.aspx,Endoaquoll,USDA NRCS,,7.17,"pH meter, 1:2 soil:H2O",no,"row crop, ?-2007",8-2 mm,0-3%,Webster silty clay loam,USDA NRCS,DNA extracted immediately after sieving,"32.2, 37.4, 30.4",pipette,no,,,0.155339805825,gravimetric,env_package: soil,,,,,,,,,,1248.63182677,258.479477412,48.3068506952,20.8583936655,36.2179550123,327.644721773,,,CC,CC_2,LM,LM_2
CC12-MM-July2012,mge94367,,,72 lb N/acre liquid urea ammonia nitrate (32% solution) applied at planting (2012-5-11); Spray 28 oz/ac  Roundup PowerMax (49% glyphosate) + 19 oz/ac Outlook (2012-5-12);  100 lb N/acre liquid urea ammonia nitrate (32% solution) + 28 oz/ac Roundup PowerMax (49% glyphosate) (2012-6-12),no,row crop agriculture,7,USNVC,poorly drained,2012 drought year,Phaeozem,no,Ap,USDA Soil Survey,http://websoilsurvey.nrcs.usda.gov/app/WebSoilSurvey.aspx,Endoaquoll,USDA NRCS,4.894068241,6.77,"pH meter, 1:2 soil:H2O",no,"row crop, ?-2007",1-0.25 mm,0-3%,Webster silty clay loam,USDA NRCS,(-80C) for 3 months,"32.2, 37.4, 30.6",pipette,no,0.104709535837,dry combustion,0.126931567329,gravimetric,env_package: soil,15.298334358,1.71444050876,39.6301652747,4.4412391,13.3787688649,1.49932030263,1.12067135456,42,0.964601769912,3937.28806775,452.920951023,87.7280826927,41.6359279403,75.6345350369,582.284961656,258.818479639,29.0050456164,CC,CC_3,MM,MM_1
CC12-MM-October2012,mge94559,,,72 lb N/acre liquid urea ammonia nitrate (32% solution) applied at planting (2012-5-11); Spray 28 oz/ac  Roundup PowerMax (49% glyphosate) + 19 oz/ac Outlook (2012-5-12);  100 lb N/acre liquid urea ammonia nitrate (32% solution) + 28 oz/ac Roundup PowerMax (49% glyphosate) (2012-6-12),no,row crop agriculture,7,USNVC,poorly drained,2012 drought year,Phaeozem,no,Ap,USDA Soil Survey,http://websoilsurvey.nrcs.usda.gov/app/WebSoilSurvey.aspx,Endoaquoll,USDA NRCS,,7.17,"pH meter, 1:2 soil:H2O",no,"row crop, ?-2007",1-0.25 mm,0-3%,Webster silty clay loam,USDA NRCS,DNA extracted immediately after sieving,"32.2, 37.4, 30.6",pipette,no,,,0.162376237624,gravimetric,env_package: soil,,,,,,,,,,4362.95001369,1255.32260423,166.030013054,81.1851482327,130.641666699,1502.53776552,,,CC,CC_4,MM,MM_2
CC12-Micro-July2012,mge94364,,,72 lb N/acre liquid urea ammonia nitrate (32% solution) applied at planting (2012-5-11); Spray 28 oz/ac  Roundup PowerMax (49% glyphosate) + 19 oz/ac Outlook (2012-5-12);  100 lb N/acre liquid urea ammonia nitrate (32% solution) + 28 oz/ac Roundup PowerMax (49% glyphosate) (2012-6-12),no,row crop agriculture,7,USNVC,poorly drained,2012 drought year,Phaeozem,no,Ap,USDA Soil Survey,http://websoilsurvey.nrcs.usda.gov/app/WebSoilSurvey.aspx,Endoaquoll,USDA NRCS,4.352434158,6.77,"pH meter, 1:2 soil:H2O",no,"row crop, ?-2007",2-1 mm,0-3%,Webster silty clay loam,USDA NRCS,(-80C) for 3 months,"32.2, 37.4, 30.5",pipette,no,0.0956632196903,dry combustion,0.0948827292111,gravimetric,env_package: soil,15.298334358,1.71444050876,39.6301652747,4.4412391,13.3787688649,1.49932030263,1.12067135456,42,0.964601769912,2707.96798937,484.666447217,77.1898043108,44.9279497105,48.0673614006,606.784201238,258.818479639,29.0050456164,CC,CC_5,Micro,Micro_1
CC12-Micro-October2012,mge94556,,,72 lb N/acre liquid urea ammonia nitrate (32% solution) applied at planting (2012-5-11); Spray 28 oz/ac  Roundup PowerMax (49% glyphosate) + 19 oz/ac Outlook (2012-5-12);  100 lb N/acre liquid urea ammonia nitrate (32% solution) + 28 oz/ac Roundup PowerMax (49% glyphosate) (2012-6-12),no,row crop agriculture,7,USNVC,poorly drained,2012 drought year,Phaeozem,no,Ap,USDA Soil Survey,http://websoilsurvey.nrcs.usda.gov/app/WebSoilSurvey.aspx,Endoaquoll,USDA NRCS,,7.17,"pH meter, 1:2 soil:H2O",no,"row crop, ?-2007",2-1 mm,0-3%,Webster silty clay loam,USDA NRCS,DNA extracted immediately after sieving,"32.2, 37.4, 30.5",pipette,no,,,0.114052953157,gravimetric,env_package: soil,,,,,,,,,,2459.87505635,719.914752358,140.458107873,68.3945636483,62.2472832465,928.767423879,,,CC,CC_6,Micro,Micro_2
CC12-SM-July2012,mge94370,,,72 lb N/acre liquid urea ammonia nitrate (32% solution) applied at planting (2012-5-11); Spray 28 oz/ac  Roundup PowerMax (49% glyphosate) + 19 oz/ac Outlook (2012-5-12);  100 lb N/acre liquid urea ammonia nitrate (32% solution) + 28 oz/ac Roundup PowerMax (49% glyphosate) (2012-6-12),no,row crop agriculture,7,USNVC,poorly drained,2012 drought year,Phaeozem,no,Ap,USDA Soil Survey,http://websoilsurvey.nrcs.usda.gov/app/WebSoilSurvey.aspx,Endoaquoll,USDA NRCS,4.682502747,6.77,"pH meter, 1:2 soil:H2O",no,"row crop, ?-2007",<0.25 mm,0-3%,Webster silty clay loam,USDA NRCS,(-80C) for 3 months,"32.2, 37.4, 30.7",pipette,no,0.10323830694,dry combustion,0.116926503341,gravimetric,env_package: soil,15.298334358,1.71444050876,39.6301652747,4.4412391,13.3787688649,1.49932030263,1.12067135456,42,0.964601769912,2347.24944664,326.003770183,71.679887113,40.658695353,42.7971232013,438.342352649,258.818479639,29.0050456164,CC,CC_7,SM,SM_1
CC12-SM-October2012,mge94562,,,72 lb N/acre liquid urea ammonia nitrate (32% solution) applied at planting (2012-5-11); Spray 28 oz/ac  Roundup PowerMax (49% glyphosate) + 19 oz/ac Outlook (2012-5-12);  100 lb N/acre liquid urea ammonia nitrate (32% solution) + 28 oz/ac Roundup PowerMax (49% glyphosate) (2012-6-12),no,row crop agriculture,7,USNVC,poorly drained,2012 drought year,Phaeozem,no,Ap,USDA Soil Survey,http://websoilsurvey.nrcs.usda.gov/app/WebSoilSurvey.aspx,Endoaquoll,USDA NRCS,,7.17,"pH meter, 1:2 soil:H2O",no,"row crop, ?-2007",<0.25 mm,0-3%,Webster silty clay loam,USDA NRCS,DNA extracted immediately after sieving,"32.2, 37.4, 30.7",pipette,no,,,0.15559772296,gravimetric,env_package: soil,,,,,,,,,,2467.18689314,748.371821501,125.716855654,72.5097941175,62.2236723407,946.598471272,,,CC,CC_8,SM,SM_2
CC12-WS-July2012,mge94373,,,72 lb N/acre liquid urea ammonia nitrate (32% solution) applied at planting (2012-5-11); Spray 28 oz/ac  Roundup PowerMax (49% glyphosate) + 19 oz/ac Outlook (2012-5-12);  100 lb N/acre liquid urea ammonia nitrate (32% solution) + 28 oz/ac Roundup PowerMax (49% glyphosate) (2012-6-12),no,row crop agriculture,7,USNVC,poorly drained,2012 drought year,Phaeozem,no,Ap,USDA Soil Survey,http://websoilsurvey.nrcs.usda.gov/app/WebSoilSurvey.aspx,Endoaquoll,USDA NRCS,4.796504021,6.77,"pH meter, 1:2 soil:H2O",no,"row crop, ?-2007",8 mm,0-3%,Webster silty clay loam,USDA NRCS,(-80C) for 3 months,"32.2, 37.4, 30.8",pipette,no,0.0983484014869,dry combustion,0.132502831257,gravimetric,env_package: soil,15.298334358,1.71444050876,39.6301652747,4.4412391,13.3787688649,1.49932030263,1.12067135456,42,0.964601769912,3322.74953989,599.600410927,91.9744903476,63.7900056213,72.8320717757,755.364906896,258.818479639,29.0050456164,CC,CC_9,WS,WS_1
CC12-WS-October2012,mge94565,,,72 lb N/acre liquid urea ammonia nitrate (32% solution) applied at planting (2012-5-11); Spray 28 oz/ac  Roundup PowerMax (49% glyphosate) + 19 oz/ac Outlook (2012-5-12);  100 lb N/acre liquid urea ammonia nitrate (32% solution) + 28 oz/ac Roundup PowerMax (49% glyphosate) (2012-6-12),no,row crop agriculture,7,USNVC,poorly drained,2012 drought year,Phaeozem,no,Ap,USDA Soil Survey,http://websoilsurvey.nrcs.usda.gov/app/WebSoilSurvey.aspx,Endoaquoll,USDA NRCS,,7.17,"pH meter, 1:2 soil:H2O",no,"row crop, ?-2007",8 mm,0-3%,Webster silty clay loam,USDA NRCS,DNA extracted immediately after sieving,"32.2, 37.4, 30.8",pipette,no,,,0.146829810901,gravimetric,env_package: soil,,,,,,,,,,3331.81653592,787.514499829,164.186059212,104.324691351,98.6199039816,1056.02525039,,,CC,CC_10,WS,WS_2
CC21-LM-July2012,mge94376,,,72 lb N/acre liquid urea ammonia nitrate (32% solution) applied at planting (2012-5-11); Spray 28 oz/ac  Roundup PowerMax (49% glyphosate) + 19 oz/ac Outlook (2012-5-12);  100 lb N/acre liquid urea ammonia nitrate (32% solution) + 28 oz/ac Roundup PowerMax (49% glyphosate) (2012-6-12),no,row crop agriculture,7,USNVC,somewhat poorly drained,2012 drought year,Phaeozem,no,Ap,USDA Soil Survey,http://websoilsurvey.nrcs.usda.gov/app/WebSoilSurvey.aspx,Hapludoll,USDA NRCS,4.537554264,6.4,"pH meter, 1:2 soil:H2O",no,"row crop, ?-2007",8-2 mm,0-3%,Nicollet loam,USDA NRCS,(-80C) for 3 months,"43.3, 32.7, 24.0",pipette,no,0.0881277024746,dry combustion,0.131749460043,gravimetric,env_package: soil,16.837015734,1.80245712497,82.9924160355,8.88460722283,13.1807593693,1.41104302644,1.07053242299,18,1,4328.50629983,925.658292401,96.2243340989,61.0315550355,111.456831407,1082.91418154,112.58832923,12.0529456891,CC,CC_11,LM,LM_3
CC21-LM-October2012,mge94568,,,72 lb N/acre liquid urea ammonia nitrate (32% solution) applied at planting (2012-5-11); Spray 28 oz/ac  Roundup PowerMax (49% glyphosate) + 19 oz/ac Outlook (2012-5-12);  100 lb N/acre liquid urea ammonia nitrate (32% solution) + 28 oz/ac Roundup PowerMax (49% glyphosate) (2012-6-12),no,row crop agriculture,7,USNVC,somewhat poorly drained,2012 drought year,Phaeozem,no,Ap,USDA Soil Survey,http://websoilsurvey.nrcs.usda.gov/app/WebSoilSurvey.aspx,Hapludoll,USDA NRCS,,7.17,"pH meter, 1:2 soil:H2O",no,"row crop, ?-2007",8-2 mm,0-3%,Nicollet loam,USDA NRCS,DNA extracted immediately after sieving,"43.3, 32.7, 24.0",pipette,no,,,0.148637489678,gravimetric,env_package: soil,,,,,,,,,,3708.40574673,274.233417426,42.7944409978,18.6232803778,87.5621466232,335.651138802,,,CC,CC_12,LM,LM_4
CC21-MM-July2012,mge94382,,,72 lb N/acre liquid urea ammonia nitrate (32% solution) applied at planting (2012-5-11); Spray 28 oz/ac  Roundup PowerMax (49% glyphosate) + 19 oz/ac Outlook (2012-5-12);  100 lb N/acre liquid urea ammonia nitrate (32% solution) + 28 oz/ac Roundup PowerMax (49% glyphosate) (2012-6-12),no,row crop agriculture,7,USNVC,somewhat poorly drained,2012 drought year,Phaeozem,no,Ap,USDA Soil Survey,http://websoilsurvey.nrcs.usda.gov/app/WebSoilSurvey.aspx,Hapludoll,USDA NRCS,4.399283886,6.4,"pH meter, 1:2 soil:H2O",no,"row crop, ?-2007",1-0.25 mm,0-3%,Nicollet loam,USDA NRCS,(-80C) for 3 months,"43.3, 32.7, 24.0",pipette,no,0.0876898765564,dry combustion,0.132803632236,gravimetric,env_package: soil,16.837015734,1.80245712497,82.9924160355,8.88460722283,13.1807593693,1.41104302644,1.07053242299,18,1,3355.05214392,255.825289493,49.8937347557,15.5083656754,70.4391433615,321.227389924,112.58832923,12.0529456891,CC,CC_13,MM,MM_3
CC21-MM-October2012,mge94574,,,72 lb N/acre liquid urea ammonia nitrate (32% solution) applied at planting (2012-5-11); Spray 28 oz/ac  Roundup PowerMax (49% glyphosate) + 19 oz/ac Outlook (2012-5-12);  100 lb N/acre liquid urea ammonia nitrate (32% solution) + 28 oz/ac Roundup PowerMax (49% glyphosate) (2012-6-12),no,row crop agriculture,7,USNVC,somewhat poorly drained,2012 drought year,Phaeozem,no,Ap,USDA Soil Survey,http://websoilsurvey.nrcs.usda.gov/app/WebSoilSurvey.aspx,Hapludoll,USDA NRCS,,6.84,"pH meter, 1:2 soil:H2O",no,"row crop, ?-2007",1-0.25 mm,0-3%,Nicollet loam,USDA NRCS,DNA extracted immediately after sieving,"43.3, 32.7, 24.0",pipette,no,,,0.150460593654,gravimetric,env_package: soil,,,,,,,,,,2192.28184679,197.648278991,34.5413790562,7.72122269906,35.6749121184,239.910880746,,,CC,CC_14,MM,MM_4
CC21-Micro-July2012,mge94379,,,72 lb N/acre liquid urea ammonia nitrate (32% solution) applied at planting (2012-5-11); Spray 28 oz/ac  Roundup PowerMax (49% glyphosate) + 19 oz/ac Outlook (2012-5-12);  100 lb N/acre liquid urea ammonia nitrate (32% solution) + 28 oz/ac Roundup PowerMax (49% glyphosate) (2012-6-12),no,row crop agriculture,7,USNVC,somewhat poorly drained,2012 drought year,Phaeozem,no,Ap,USDA Soil Survey,http://websoilsurvey.nrcs.usda.gov/app/WebSoilSurvey.aspx,Hapludoll,USDA NRCS,4.344677448,6.4,"pH meter, 1:2 soil:H2O",no,"row crop, ?-2007",2-1 mm,0-3%,Nicollet loam,USDA NRCS,(-80C) for 3 months,"43.3, 32.7, 24.0",pipette,no,0.0903967544436,dry combustion,0.101621621622,gravimetric,env_package: soil,16.837015734,1.80245712497,82.9924160355,8.88460722283,13.1807593693,1.41104302644,1.07053242299,18,1,1598.4270449,154.468234756,26.0169445946,12.9679743475,30.7094836278,193.453153698,112.58832923,12.0529456891,CC,CC_15,Micro,Micro_3
CC21-Micro-October2012,mge94571,,,72 lb N/acre liquid urea ammonia nitrate (32% solution) applied at planting (2012-5-11); Spray 28 oz/ac  Roundup PowerMax (49% glyphosate) + 19 oz/ac Outlook (2012-5-12);  100 lb N/acre liquid urea ammonia nitrate (32% solution) + 28 oz/ac Roundup PowerMax (49% glyphosate) (2012-6-12),no,row crop agriculture,7,USNVC,somewhat poorly drained,2012 drought year,Phaeozem,no,Ap,USDA Soil Survey,http://websoilsurvey.nrcs.usda.gov/app/WebSoilSurvey.aspx,Hapludoll,USDA NRCS,,6.84,"pH meter, 1:2 soil:H2O",no,"row crop, ?-2007",2-1 mm,0-3%,Nicollet loam,USDA NRCS,DNA extracted immediately after sieving,"43.3, 32.7, 24.0",pipette,no,,,0.0936170212766,gravimetric,env_package: soil,,,,,,,,,,,375.069511425,65.137095364,27.3598828693,67.4617144564,467.566489659,,,CC,CC_16,Micro,Micro_4
CC21-SM-July2012,mge94385,,,72 lb N/acre liquid urea ammonia nitrate (32% solution) applied at planting (2012-5-11); Spray 28 oz/ac  Roundup PowerMax (49% glyphosate) + 19 oz/ac Outlook (2012-5-12);  100 lb N/acre liquid urea ammonia nitrate (32% solution) + 28 oz/ac Roundup PowerMax (49% glyphosate) (2012-6-12),no,row crop agriculture,7,USNVC,somewhat poorly drained,2012 drought year,Phaeozem,no,Ap,USDA Soil Survey,http://websoilsurvey.nrcs.usda.gov/app/WebSoilSurvey.aspx,Hapludoll,USDA NRCS,4.242620945,6.4,"pH meter, 1:2 soil:H2O",no,"row crop, ?-2007",<0.25 mm,0-3%,Nicollet loam,USDA NRCS,(-80C) for 3 months,"43.3, 32.7, 24.0",pipette,no,0.0847398489714,dry combustion,0.113561190739,gravimetric,env_package: soil,16.837015734,1.80245712497,82.9924160355,8.88460722283,13.1807593693,1.41104302644,1.07053242299,18,1,1876.21622041,86.3407286689,14.6170436556,6.66753492225,46.1416807912,107.625307247,112.58832923,12.0529456891,CC,CC_17,SM,SM_3
CC21-SM-October2012,mge94577,,,72 lb N/acre liquid urea ammonia nitrate (32% solution) applied at planting (2012-5-11); Spray 28 oz/ac  Roundup PowerMax (49% glyphosate) + 19 oz/ac Outlook (2012-5-12);  100 lb N/acre liquid urea ammonia nitrate (32% solution) + 28 oz/ac Roundup PowerMax (49% glyphosate) (2012-6-12),no,row crop agriculture,7,USNVC,somewhat poorly drained,2012 drought year,Phaeozem,no,Ap,USDA Soil Survey,http://websoilsurvey.nrcs.usda.gov/app/WebSoilSurvey.aspx,Hapludoll,USDA NRCS,,6.84,"pH meter, 1:2 soil:H2O",no,"row crop, ?-2007",<0.25 mm,0-3%,Nicollet loam,USDA NRCS,DNA extracted immediately after sieving,"43.3, 32.7, 24.0",pipette,no,,,0.137367130008,gravimetric,env_package: soil,,,,,,,,,,2887.20238506,261.296786,40.0968142873,16.8306523,53.9398585172,318.224252588,,,CC,CC_18,SM,SM_4
CC21-WS-July2012,mge94388,,,72 lb N/acre liquid urea ammonia nitrate (32% solution) applied at planting (2012-5-11); Spray 28 oz/ac  Roundup PowerMax (49% glyphosate) + 19 oz/ac Outlook (2012-5-12);  100 lb N/acre liquid urea ammonia nitrate (32% solution) + 28 oz/ac Roundup PowerMax (49% glyphosate) (2012-6-12),no,row crop agriculture,7,USNVC,somewhat poorly drained,2012 drought year,Phaeozem,no,Ap,USDA Soil Survey,http://websoilsurvey.nrcs.usda.gov/app/WebSoilSurvey.aspx,Hapludoll,USDA NRCS,4.193225384,6.4,"pH meter, 1:2 soil:H2O",no,"row crop, ?-2007",8 mm,0-3%,Nicollet loam,USDA NRCS,(-80C) for 3 months,"43.3, 32.7, 24.0",pipette,no,0.0903812423348,dry combustion,0.135746606335,gravimetric,env_package: soil,16.837015734,1.80245712497,82.9924160355,8.88460722283,13.1807593693,1.41104302644,1.07053242299,18,1,3873.38886067,274.823425972,44.5749691569,24.4634958354,78.0501218032,343.861890964,112.58832923,12.0529456891,CC,CC_19,WS,WS_3
CC21-WS-October2012,mge94580,,,72 lb N/acre liquid urea ammonia nitrate (32% solution) applied at planting (2012-5-11); Spray 28 oz/ac  Roundup PowerMax (49% glyphosate) + 19 oz/ac Outlook (2012-5-12);  100 lb N/acre liquid urea ammonia nitrate (32% solution) + 28 oz/ac Roundup PowerMax (49% glyphosate) (2012-6-12),no,row crop agriculture,7,USNVC,somewhat poorly drained,2012 drought year,Phaeozem,no,Ap,USDA Soil Survey,http://websoilsurvey.nrcs.usda.gov/app/WebSoilSurvey.aspx,Hapludoll,USDA NRCS,,6.84,"pH meter, 1:2 soil:H2O",no,"row crop, ?-2007",8 mm,0-3%,Nicollet loam,USDA NRCS,DNA extracted immediately after sieving,"43.3, 32.7, 24.0",pipette,no,,,0.155440414508,gravimetric,env_package: soil,,,,,,,,,,3342.05140579,251.08182446,44.8043363044,18.0837925797,64.4130937285,313.969953344,,,CC,CC_20,WS,WS_4
CC35-LM-July2012,mge94391,,,72 lb N/acre liquid urea ammonia nitrate (32% solution) applied at planting (2012-5-11); Spray 28 oz/ac  Roundup PowerMax (49% glyphosate) + 19 oz/ac Outlook (2012-5-12);  100 lb N/acre liquid urea ammonia nitrate (32% solution) + 28 oz/ac Roundup PowerMax (49% glyphosate) (2012-6-12),no,row crop agriculture,7,USNVC,somewhat poorly drained,2012 drought year,Phaeozem,no,Ap,USDA Soil Survey,http://websoilsurvey.nrcs.usda.gov/app/WebSoilSurvey.aspx,Hapludoll + Endoaquoll,USDA NRCS,3.360569239,6.29,"pH meter, 1:2 soil:H2O",no,"row crop, ?-2007",8-2 mm,0-3%,Nicollet loam + Webster silty clay loam,USDA NRCS,(-80C) for 3 months,"29.3, 40.5, 30.1",pipette,no,0.0747979134321,dry combustion,0.119073869901,gravimetric,env_package: soil,36.1151816849,4.37911106814,17.0719124256,2.07003806071,5.34243989943,0.647792330067,1.2125402293,49,0.966887417219,2330.32424432,138.381473311,26.7534951568,9.0967930103,37.7132435308,174.231761478,298.084912046,36.1439947603,CC,CC_21,LM,LM_5
CC35-LM-October2012,mge94583,,,72 lb N/acre liquid urea ammonia nitrate (32% solution) applied at planting (2012-5-11); Spray 28 oz/ac  Roundup PowerMax (49% glyphosate) + 19 oz/ac Outlook (2012-5-12);  100 lb N/acre liquid urea ammonia nitrate (32% solution) + 28 oz/ac Roundup PowerMax (49% glyphosate) (2012-6-12),no,row crop agriculture,7,USNVC,somewhat poorly drained,2012 drought year,Phaeozem,no,Ap,USDA Soil Survey,http://websoilsurvey.nrcs.usda.gov/app/WebSoilSurvey.aspx,Hapludoll + Endoaquoll,USDA NRCS,,6.51,"pH meter, 1:2 soil:H2O",no,"row crop, ?-2007",8-2 mm,0-3%,Nicollet loam + Webster silty clay loam,USDA NRCS,DNA extracted immediately after sieving,"29.3, 40.5, 30.1",pipette,no,,,0.139116202946,gravimetric,env_package: soil,,,,,,,,,,2689.20506681,223.001452124,40.7427981405,14.8244991855,51.1149550447,278.56874945,,,CC,CC_22,LM,LM_6
CC35-MM-July2012,mge94397,,,72 lb N/acre liquid urea ammonia nitrate (32% solution) applied at planting (2012-5-11); Spray 28 oz/ac  Roundup PowerMax (49% glyphosate) + 19 oz/ac Outlook (2012-5-12);  100 lb N/acre liquid urea ammonia nitrate (32% solution) + 28 oz/ac Roundup PowerMax (49% glyphosate) (2012-6-12),no,row crop agriculture,7,USNVC,somewhat poorly drained,2012 drought year,Phaeozem,no,Ap,USDA Soil Survey,http://websoilsurvey.nrcs.usda.gov/app/WebSoilSurvey.aspx,Hapludoll + Endoaquoll,USDA NRCS,3.69950366,6.29,"pH meter, 1:2 soil:H2O",no,"row crop, ?-2007",1-0.25 mm,0-3%,Nicollet loam + Webster silty clay loam,USDA NRCS,(-80C) for 3 months,"29.3, 40.5, 30.1",pipette,no,0.0755354762077,dry combustion,0.117453347969,gravimetric,env_package: soil,36.1151816849,4.37911106814,17.0719124256,2.07003806071,5.34243989943,0.647792330067,1.2125402293,49,0.966887417219,3228.06820365,287.127981779,46.3400418552,18.4265492411,58.0638110194,351.894572876,298.084912046,36.1439947603,CC,CC_23,MM,MM_5
CC35-MM-October2012,mge94589,,,72 lb N/acre liquid urea ammonia nitrate (32% solution) applied at planting (2012-5-11); Spray 28 oz/ac  Roundup PowerMax (49% glyphosate) + 19 oz/ac Outlook (2012-5-12);  100 lb N/acre liquid urea ammonia nitrate (32% solution) + 28 oz/ac Roundup PowerMax (49% glyphosate) (2012-6-12),no,row crop agriculture,7,USNVC,somewhat poorly drained,2012 drought year,Phaeozem,no,Ap,USDA Soil Survey,http://websoilsurvey.nrcs.usda.gov/app/WebSoilSurvey.aspx,Hapludoll + Endoaquoll,USDA NRCS,,6.51,"pH meter, 1:2 soil:H2O",no,"row crop, ?-2007",1-0.25 mm,0-3%,Nicollet loam + Webster silty clay loam,USDA NRCS,DNA extracted immediately after sieving,"29.3, 40.5, 30.1",pipette,no,,,0.134515890613,gravimetric,env_package: soil,,,,,,,,,,3483.61069535,304.473864918,53.494631447,20.6823120469,68.2843639428,378.650808412,,,CC,CC_24,MM,MM_6
CC35-Micro-July2012,mge94394,,,72 lb N/acre liquid urea ammonia nitrate (32% solution) applied at planting (2012-5-11); Spray 28 oz/ac  Roundup PowerMax (49% glyphosate) + 19 oz/ac Outlook (2012-5-12);  100 lb N/acre liquid urea ammonia nitrate (32% solution) + 28 oz/ac Roundup PowerMax (49% glyphosate) (2012-6-12),no,row crop agriculture,7,USNVC,somewhat poorly drained,2012 drought year,Phaeozem,no,Ap,USDA Soil Survey,http://websoilsurvey.nrcs.usda.gov/app/WebSoilSurvey.aspx,Hapludoll + Endoaquoll,USDA NRCS,3.428792715,6.29,"pH meter, 1:2 soil:H2O",no,"row crop, ?-2007",2-1 mm,0-3%,Nicollet loam + Webster silty clay loam,USDA NRCS,(-80C) for 3 months,"29.3, 40.5, 30.1",pipette,no,0.0749455541372,dry combustion,0.0968783638321,gravimetric,env_package: soil,36.1151816849,4.37911106814,17.0719124256,2.07003806071,5.34243989943,0.647792330067,1.2125402293,49,0.966887417219,1510.24387746,137.853007618,19.4909060893,9.1081131351,22.1475328342,166.452026842,298.084912046,36.1439947603,CC,CC_25,Micro,Micro_5
CC35-Micro-October2012,mge94586,,,72 lb N/acre liquid urea ammonia nitrate (32% solution) applied at planting (2012-5-11); Spray 28 oz/ac  Roundup PowerMax (49% glyphosate) + 19 oz/ac Outlook (2012-5-12);  100 lb N/acre liquid urea ammonia nitrate (32% solution) + 28 oz/ac Roundup PowerMax (49% glyphosate) (2012-6-12),no,row crop agriculture,7,USNVC,somewhat poorly drained,2012 drought year,Phaeozem,no,Ap,USDA Soil Survey,http://websoilsurvey.nrcs.usda.gov/app/WebSoilSurvey.aspx,Hapludoll + Endoaquoll,USDA NRCS,,6.51,"pH meter, 1:2 soil:H2O",no,"row crop, ?-2007",2-1 mm,0-3%,Nicollet loam + Webster silty clay loam,USDA NRCS,DNA extracted immediately after sieving,"29.3, 40.5, 30.1",pipette,no,,,0.102813852814,gravimetric,env_package: soil,,,,,,,,,,2652.21920301,374.928782047,67.6216572795,44.1655321673,46.686895608,486.715971493,,,CC,CC_26,Micro,Micro_6
CC35-SM-July2012,mge94400,,,72 lb N/acre liquid urea ammonia nitrate (32% solution) applied at planting (2012-5-11); Spray 28 oz/ac  Roundup PowerMax (49% glyphosate) + 19 oz/ac Outlook (2012-5-12);  100 lb N/acre liquid urea ammonia nitrate (32% solution) + 28 oz/ac Roundup PowerMax (49% glyphosate) (2012-6-12),no,row crop agriculture,7,USNVC,somewhat poorly drained,2012 drought year,Phaeozem,no,Ap,USDA Soil Survey,http://websoilsurvey.nrcs.usda.gov/app/WebSoilSurvey.aspx,Hapludoll + Endoaquoll,USDA NRCS,3.12284112,6.29,"pH meter, 1:2 soil:H2O",no,"row crop, ?-2007",<0.25 mm,0-3%,Nicollet loam + Webster silty clay loam,USDA NRCS,(-80C) for 3 months,"29.3, 40.5, 30.1",pipette,no,0.0736933276057,dry combustion,0.0852459016393,gravimetric,env_package: soil,36.1151816849,4.37911106814,17.0719124256,2.07003806071,5.34243989943,0.647792330067,1.2125402293,49,0.966887417219,1810.13533047,151.203450995,25.3857025241,10.4763129327,27.6257839618,187.065466452,298.084912046,36.1439947603,CC,CC_27,SM,SM_5
CC35-SM-October2012,mge94592,,,72 lb N/acre liquid urea ammonia nitrate (32% solution) applied at planting (2012-5-11); Spray 28 oz/ac  Roundup PowerMax (49% glyphosate) + 19 oz/ac Outlook (2012-5-12);  100 lb N/acre liquid urea ammonia nitrate (32% solution) + 28 oz/ac Roundup PowerMax (49% glyphosate) (2012-6-12),no,row crop agriculture,7,USNVC,somewhat poorly drained,2012 drought year,Phaeozem,no,Ap,USDA Soil Survey,http://websoilsurvey.nrcs.usda.gov/app/WebSoilSurvey.aspx,Hapludoll + Endoaquoll,USDA NRCS,,6.51,"pH meter, 1:2 soil:H2O",no,"row crop, ?-2007",<0.25 mm,0-3%,Nicollet loam + Webster silty clay loam,USDA NRCS,DNA extracted immediately after sieving,"29.3, 40.5, 30.1",pipette,no,,,0.119518486672,gravimetric,env_package: soil,,,,,,,,,,3560.97841824,490.609886447,80.181203247,45.1853663108,106.006424438,615.976456005,,,CC,CC_28,SM,SM_6
CC35-WS-July2012,mge94403,,,72 lb N/acre liquid urea ammonia nitrate (32% solution) applied at planting (2012-5-11); Spray 28 oz/ac  Roundup PowerMax (49% glyphosate) + 19 oz/ac Outlook (2012-5-12);  100 lb N/acre liquid urea ammonia nitrate (32% solution) + 28 oz/ac Roundup PowerMax (49% glyphosate) (2012-6-12),no,row crop agriculture,7,USNVC,somewhat poorly drained,2012 drought year,Phaeozem,no,Ap,USDA Soil Survey,http://websoilsurvey.nrcs.usda.gov/app/WebSoilSurvey.aspx,Hapludoll + Endoaquoll,USDA NRCS,3.499586105,6.29,"pH meter, 1:2 soil:H2O",no,"row crop, ?-2007",8 mm,0-3%,Nicollet loam + Webster silty clay loam,USDA NRCS,(-80C) for 3 months,"29.3, 40.5, 30.1",pipette,no,0.0750646293163,dry combustion,0.113839285714,gravimetric,env_package: soil,36.1151816849,4.37911106814,17.0719124256,2.07003806071,5.34243989943,0.647792330067,1.2125402293,49,0.966887417219,2202.19106043,170.621368256,25.8420500012,12.8923207822,44.2574287686,209.355739039,298.084912046,36.1439947603,CC,CC_29,WS,WS_5
CC35-WS-October2012,mge94595,,,72 lb N/acre liquid urea ammonia nitrate (32% solution) applied at planting (2012-5-11); Spray 28 oz/ac  Roundup PowerMax (49% glyphosate) + 19 oz/ac Outlook (2012-5-12);  100 lb N/acre liquid urea ammonia nitrate (32% solution) + 28 oz/ac Roundup PowerMax (49% glyphosate) (2012-6-12),no,row crop agriculture,7,USNVC,somewhat poorly drained,2012 drought year,Phaeozem,no,Ap,USDA Soil Survey,http://websoilsurvey.nrcs.usda.gov/app/WebSoilSurvey.aspx,Hapludoll + Endoaquoll,USDA NRCS,,6.51,"pH meter, 1:2 soil:H2O",no,"row crop, ?-2007",8 mm,0-3%,Nicollet loam + Webster silty clay loam,USDA NRCS,DNA extracted immediately after sieving,"29.3, 40.5, 30.1",pipette,no,,,0.118221258134,gravimetric,env_package: soil,,,,,,,,,,2133.97634348,363.333236656,48.7462506038,22.6407552067,66.5411896331,434.720242467,,,CC,CC_30,WS,WS_6
CC43-LM-July2012,mge94406,,,72 lb N/acre liquid urea ammonia nitrate (32% solution) applied at planting (2012-5-11); Spray 28 oz/ac  Roundup PowerMax (49% glyphosate) + 19 oz/ac Outlook (2012-5-12);  100 lb N/acre liquid urea ammonia nitrate (32% solution) + 28 oz/ac Roundup PowerMax (49% glyphosate) (2012-6-12),no,row crop agriculture,7,USNVC,somewhat poorly drained,2012 drought year,Phaeozem,no,Ap,USDA Soil Survey,http://websoilsurvey.nrcs.usda.gov/app/WebSoilSurvey.aspx,Hapludoll,USDA NRCS,3.556928158,6.71,"pH meter, 1:2 soil:H2O",no,"row crop, ?-2007",8-2 mm,0-3%,Nicollet loam,USDA NRCS,(-80C) for 3 months,"48.0, 32.9, 19.0",pipette,no,0.0774749591947,dry combustion,0.110244988864,gravimetric,env_package: soil,1.82208927978,0.228223127304,15.8459639984,1.98476304043,5.32407388501,0.666859086172,1.25253537155,44,0.960451977401,1974.46881964,132.885993762,17.663059823,7.50739262876,39.7691499435,158.056446214,17.0900192683,2.1405853634,CC,CC_31,LM,LM_7
CC43-LM-October2012,mge94598,,,72 lb N/acre liquid urea ammonia nitrate (32% solution) applied at planting (2012-5-11); Spray 28 oz/ac  Roundup PowerMax (49% glyphosate) + 19 oz/ac Outlook (2012-5-12);  100 lb N/acre liquid urea ammonia nitrate (32% solution) + 28 oz/ac Roundup PowerMax (49% glyphosate) (2012-6-12),no,row crop agriculture,7,USNVC,somewhat poorly drained,2012 drought year,Phaeozem,no,Ap,USDA Soil Survey,http://websoilsurvey.nrcs.usda.gov/app/WebSoilSurvey.aspx,Hapludoll,USDA NRCS,,6.06,"pH meter, 1:2 soil:H2O",no,"row crop, ?-2007",8-2 mm,0-3%,Nicollet loam,USDA NRCS,DNA extracted immediately after sieving,"48.0, 32.9, 19.0",pipette,no,,,0.108873974646,gravimetric,env_package: soil,,,,,,,,,,2513.49946302,238.173185422,45.7872795224,18.4654467023,47.2039430972,302.425911647,,,CC,CC_32,LM,LM_8
CC43-MM-July2012,mge94412,,,72 lb N/acre liquid urea ammonia nitrate (32% solution) applied at planting (2012-5-11); Spray 28 oz/ac  Roundup PowerMax (49% glyphosate) + 19 oz/ac Outlook (2012-5-12);  100 lb N/acre liquid urea ammonia nitrate (32% solution) + 28 oz/ac Roundup PowerMax (49% glyphosate) (2012-6-12),no,row crop agriculture,7,USNVC,somewhat poorly drained,2012 drought year,Phaeozem,no,Ap,USDA Soil Survey,http://websoilsurvey.nrcs.usda.gov/app/WebSoilSurvey.aspx,Hapludoll,USDA NRCS,3.338401556,6.71,"pH meter, 1:2 soil:H2O",no,"row crop, ?-2007",1-0.25 mm,0-3%,Nicollet loam,USDA NRCS,(-80C) for 3 months,"48.0, 32.9, 19.0",pipette,no,0.0743824392557,dry combustion,0.106981981982,gravimetric,env_package: soil,1.82208927978,0.228223127304,15.8459639984,1.98476304043,5.32407388501,0.666859086172,1.25253537155,44,0.960451977401,2290.7371251,152.487604965,25.4750769612,8.34327082858,43.5255833325,186.305952755,17.0900192683,2.1405853634,CC,CC_33,MM,MM_7
CC43-MM-October2012,mge94604,,,72 lb N/acre liquid urea ammonia nitrate (32% solution) applied at planting (2012-5-11); Spray 28 oz/ac  Roundup PowerMax (49% glyphosate) + 19 oz/ac Outlook (2012-5-12);  100 lb N/acre liquid urea ammonia nitrate (32% solution) + 28 oz/ac Roundup PowerMax (49% glyphosate) (2012-6-12),no,row crop agriculture,7,USNVC,somewhat poorly drained,2012 drought year,Phaeozem,no,Ap,USDA Soil Survey,http://websoilsurvey.nrcs.usda.gov/app/WebSoilSurvey.aspx,Hapludoll,USDA NRCS,,6.06,"pH meter, 1:2 soil:H2O",no,"row crop, ?-2007",1-0.25 mm,0-3%,Nicollet loam,USDA NRCS,DNA extracted immediately after sieving,"48.0, 32.9, 19.0",pipette,no,,,0.117551020408,gravimetric,env_package: soil,,,,,,,,,,3819.86856497,290.513818755,53.3583202568,24.5237805146,68.2584887158,368.395919526,,,CC,CC_34,MM,MM_8
CC43-Micro-July2012,mge94409,,,72 lb N/acre liquid urea ammonia nitrate (32% solution) applied at planting (2012-5-11); Spray 28 oz/ac  Roundup PowerMax (49% glyphosate) + 19 oz/ac Outlook (2012-5-12);  100 lb N/acre liquid urea ammonia nitrate (32% solution) + 28 oz/ac Roundup PowerMax (49% glyphosate) (2012-6-12),no,row crop agriculture,7,USNVC,somewhat poorly drained,2012 drought year,Phaeozem,no,Ap,USDA Soil Survey,http://websoilsurvey.nrcs.usda.gov/app/WebSoilSurvey.aspx,Hapludoll,USDA NRCS,3.199955702,6.71,"pH meter, 1:2 soil:H2O",no,"row crop, ?-2007",2-1 mm,0-3%,Nicollet loam,USDA NRCS,(-80C) for 3 months,"48.0, 32.9, 19.0",pipette,no,0.0703928396106,dry combustion,0.0997442455243,gravimetric,env_package: soil,1.82208927978,0.228223127304,15.8459639984,1.98476304043,5.32407388501,0.666859086172,1.25253537155,44,0.960451977401,2359.42378505,238.917560963,35.5226566299,15.6440667696,44.4487455888,290.084284362,17.0900192683,2.1405853634,CC,CC_35,Micro,Micro_7
CC43-Micro-October2012,mge94601,,,72 lb N/acre liquid urea ammonia nitrate (32% solution) applied at planting (2012-5-11); Spray 28 oz/ac  Roundup PowerMax (49% glyphosate) + 19 oz/ac Outlook (2012-5-12);  100 lb N/acre liquid urea ammonia nitrate (32% solution) + 28 oz/ac Roundup PowerMax (49% glyphosate) (2012-6-12),no,row crop agriculture,7,USNVC,somewhat poorly drained,2012 drought year,Phaeozem,no,Ap,USDA Soil Survey,http://websoilsurvey.nrcs.usda.gov/app/WebSoilSurvey.aspx,Hapludoll,USDA NRCS,,6.06,"pH meter, 1:2 soil:H2O",no,"row crop, ?-2007",2-1 mm,0-3%,Nicollet loam,USDA NRCS,DNA extracted immediately after sieving,"48.0, 32.9, 19.0",pipette,no,,,0.0956316410862,gravimetric,env_package: soil,,,,,,,,,,,518.244209621,90.7461469406,47.2183135712,69.3174568339,656.208670133,,,CC,CC_36,Micro,Micro_8
CC43-SM-July2012,mge94415,,,72 lb N/acre liquid urea ammonia nitrate (32% solution) applied at planting (2012-5-11); Spray 28 oz/ac  Roundup PowerMax (49% glyphosate) + 19 oz/ac Outlook (2012-5-12);  100 lb N/acre liquid urea ammonia nitrate (32% solution) + 28 oz/ac Roundup PowerMax (49% glyphosate) (2012-6-12),no,row crop agriculture,7,USNVC,somewhat poorly drained,2012 drought year,Phaeozem,no,Ap,USDA Soil Survey,http://websoilsurvey.nrcs.usda.gov/app/WebSoilSurvey.aspx,Hapludoll,USDA NRCS,3.173302174,6.71,"pH meter, 1:2 soil:H2O",no,"row crop, ?-2007",<0.25 mm,0-3%,Nicollet loam,USDA NRCS,(-80C) for 3 months,"48.0, 32.9, 19.0",pipette,no,0.0737977027893,dry combustion,0.0954994511526,gravimetric,env_package: soil,1.82208927978,0.228223127304,15.8459639984,1.98476304043,5.32407388501,0.666859086172,1.25253537155,44,0.960451977401,1450.12102286,83.0906235039,17.8822525245,5.34344451037,25.054431984,106.316320539,17.0900192683,2.1405853634,CC,CC_37,SM,SM_7
CC43-SM-October2012,mge94607,,,72 lb N/acre liquid urea ammonia nitrate (32% solution) applied at planting (2012-5-11); Spray 28 oz/ac  Roundup PowerMax (49% glyphosate) + 19 oz/ac Outlook (2012-5-12);  100 lb N/acre liquid urea ammonia nitrate (32% solution) + 28 oz/ac Roundup PowerMax (49% glyphosate) (2012-6-12),no,row crop agriculture,7,USNVC,somewhat poorly drained,2012 drought year,Phaeozem,no,Ap,USDA Soil Survey,http://websoilsurvey.nrcs.usda.gov/app/WebSoilSurvey.aspx,Hapludoll,USDA NRCS,,6.06,"pH meter, 1:2 soil:H2O",no,"row crop, ?-2007",<0.25 mm,0-3%,Nicollet loam,USDA NRCS,DNA extracted immediately after sieving,"48.0, 32.9, 19.0",pipette,no,,,0.108963093146,gravimetric,env_package: soil,,,,,,,,,,,376.420785994,55.3660898902,32.1129720621,76.8785462308,463.899847946,,,CC,CC_38,SM,SM_8
CC43-WS-July2012,mge94418,,,72 lb N/acre liquid urea ammonia nitrate (32% solution) applied at planting (2012-5-11); Spray 28 oz/ac  Roundup PowerMax (49% glyphosate) + 19 oz/ac Outlook (2012-5-12);  100 lb N/acre liquid urea ammonia nitrate (32% solution) + 28 oz/ac Roundup PowerMax (49% glyphosate) (2012-6-12),no,row crop agriculture,7,USNVC,somewhat poorly drained,2012 drought year,Phaeozem,no,Ap,USDA Soil Survey,http://websoilsurvey.nrcs.usda.gov/app/WebSoilSurvey.aspx,Hapludoll,USDA NRCS,3.281770468,6.71,"pH meter, 1:2 soil:H2O",no,"row crop, ?-2007",8 mm,0-3%,Nicollet loam,USDA NRCS,(-80C) for 3 months,"48.0, 32.9, 19.0",pipette,no,0.0678223669529,dry combustion,0.104143337066,gravimetric,env_package: soil,1.82208927978,0.228223127304,15.8459639984,1.98476304043,5.32407388501,0.666859086172,1.25253537155,44,0.960451977401,2174.21896175,163.808026229,27.1300281535,16.8136926469,37.0574792488,207.75174703,17.0900192683,2.1405853634,CC,CC_39,WS,WS_7
CC43-WS-October2012,mge94610,,,72 lb N/acre liquid urea ammonia nitrate (32% solution) applied at planting (2012-5-11); Spray 28 oz/ac  Roundup PowerMax (49% glyphosate) + 19 oz/ac Outlook (2012-5-12);  100 lb N/acre liquid urea ammonia nitrate (32% solution) + 28 oz/ac Roundup PowerMax (49% glyphosate) (2012-6-12),no,row crop agriculture,7,USNVC,somewhat poorly drained,2012 drought year,Phaeozem,no,Ap,USDA Soil Survey,http://websoilsurvey.nrcs.usda.gov/app/WebSoilSurvey.aspx,Hapludoll,USDA NRCS,,6.06,"pH meter, 1:2 soil:H2O",no,"row crop, ?-2007",8 mm,0-3%,Nicollet loam,USDA NRCS,DNA extracted immediately after sieving,"48.0, 32.9, 19.0",pipette,no,,,0.102617801047,gravimetric,env_package: soil,,,,,,,,,,3997.00243273,316.921581549,57.6813645113,25.233497032,66.9456582162,399.836443092,,,CC,CC_40,WS,WS_8
P13-LM-July2012,mge94421,,,,no,harvested grassland,2.C.1.Nb.M054.G333,USNVC,somewhat poorly drained,2012 drought year,Phaeozem,no,Ap,USDA Soil Survey,http://websoilsurvey.nrcs.usda.gov/app/WebSoilSurvey.aspx,Hapludoll + Endoaquoll,USDA NRCS,5.379249096,7.89,"pH meter, 1:2 soil:H2O",no,"row crop, ?-2007",8-2 mm,0-3%,Nicollet loam + Webster silty clay loam,USDA NRCS,(-80C) for 3 months,"27.2, 40.5, 32.3",pipette,no,0.10397849977,dry combustion,0.173719376392,gravimetric,env_package: soil,37.4844350103,4.5930673028,21.3876057769,2.620680097,5.94734296572,0.728743717409,1.22532653928,8,0.877276592729,1699.17033309,317.264809385,65.3230139778,27.7517399579,57.8210778155,410.33956332,426.547313903,52.2659743983,P,P_1,LM,LM_9
P13-LM-October2012,mge94613,,,,no,harvested grassland,2.C.1.Nb.M054.G333,USNVC,somewhat poorly drained,2012 drought year,Phaeozem,no,Ap,USDA Soil Survey,http://websoilsurvey.nrcs.usda.gov/app/WebSoilSurvey.aspx,Hapludoll + Endoaquoll,USDA NRCS,,7.4,"pH meter, 1:2 soil:H2O",no,"row crop, ?-2007",8-2 mm,0-3%,Nicollet loam + Webster silty clay loam,USDA NRCS,(-80C) for 2 days,"27.2, 40.5, 32.3",pipette,no,,,0.175950486295,gravimetric,env_package: soil,,,,,,,,,,2119.84090205,442.216107689,85.2866412515,26.4579783222,74.8386302885,553.960727263,,,P,P_2,LM,LM_10
P13-MM-July2012,mge94427,,,,no,harvested grassland,2.C.1.Nb.M054.G333,USNVC,somewhat poorly drained,2012 drought year,Phaeozem,no,Ap,USDA Soil Survey,http://websoilsurvey.nrcs.usda.gov/app/WebSoilSurvey.aspx,Hapludoll + Endoaquoll,USDA NRCS,5.294457912,7.89,"pH meter, 1:2 soil:H2O",no,"row crop, ?-2007",1-0.25 mm,0-3%,Nicollet loam + Webster silty clay loam,USDA NRCS,(-80C) for 3 months,"27.2, 40.5, 32.3",pipette,no,0.107725381851,dry combustion,0.169530355097,gravimetric,env_package: soil,37.4844350103,4.5930673028,21.3876057769,2.620680097,5.94734296572,0.728743717409,1.22532653928,8,0.877276592729,2343.87502462,268.576557846,33.0929363038,13.2635374841,65.576853217,314.933031634,426.547313903,52.2659743983,P,P_3,MM,MM_9
P13-MM-October2012,mge94619,,,,no,harvested grassland,2.C.1.Nb.M054.G333,USNVC,somewhat poorly drained,2012 drought year,Phaeozem,no,Ap,USDA Soil Survey,http://websoilsurvey.nrcs.usda.gov/app/WebSoilSurvey.aspx,Hapludoll + Endoaquoll,USDA NRCS,,7.4,"pH meter, 1:2 soil:H2O",no,"row crop, ?-2007",1-0.25 mm,0-3%,Nicollet loam + Webster silty clay loam,USDA NRCS,(-80C) for 2 days,"27.2, 40.5, 32.3",pipette,no,,,0.1771037182,gravimetric,env_package: soil,,,,,,,,,,1634.26953304,263.520245056,61.1311490804,14.4714098693,43.5883600703,339.122804005,,,P,P_4,MM,MM_10
P13-Micro-July2012,mge94424,,,,no,harvested grassland,2.C.1.Nb.M054.G333,USNVC,somewhat poorly drained,2012 drought year,Phaeozem,no,Ap,USDA Soil Survey,http://websoilsurvey.nrcs.usda.gov/app/WebSoilSurvey.aspx,Hapludoll + Endoaquoll,USDA NRCS,3.90207243,7.89,"pH meter, 1:2 soil:H2O",no,"row crop, ?-2007",2-1 mm,0-3%,Nicollet loam + Webster silty clay loam,USDA NRCS,(-80C) for 3 months,"27.2, 40.5, 32.3",pipette,no,0.0882835164666,dry combustion,0.142045454545,gravimetric,env_package: soil,37.4844350103,4.5930673028,21.3876057769,2.620680097,5.94734296572,0.728743717409,1.22532653928,8,0.877276592729,1691.4476251,416.373133916,80.4612696836,30.0624829593,39.3494859732,526.896886559,426.547313903,52.2659743983,P,P_5,Micro,Micro_9
P13-Micro-October2012,mge94616,,,,no,harvested grassland,2.C.1.Nb.M054.G333,USNVC,somewhat poorly drained,2012 drought year,Phaeozem,no,Ap,USDA Soil Survey,http://websoilsurvey.nrcs.usda.gov/app/WebSoilSurvey.aspx,Hapludoll + Endoaquoll,USDA NRCS,,7.4,"pH meter, 1:2 soil:H2O",no,"row crop, ?-2007",2-1 mm,0-3%,Nicollet loam + Webster silty clay loam,USDA NRCS,(-80C) for 2 days,"27.2, 40.5, 32.3",pipette,no,,,0.0951334494781,gravimetric,env_package: soil,,,,,,,,,,1352.06948852,349.678899078,51.1004524653,25.6051321521,34.4899404922,426.384483695,,,P,P_6,Micro,Micro_10
P13-SM-July2012,mge94430,,,,no,harvested grassland,2.C.1.Nb.M054.G333,USNVC,somewhat poorly drained,2012 drought year,Phaeozem,no,Ap,USDA Soil Survey,http://websoilsurvey.nrcs.usda.gov/app/WebSoilSurvey.aspx,Hapludoll + Endoaquoll,USDA NRCS,4.584854603,7.89,"pH meter, 1:2 soil:H2O",no,"row crop, ?-2007",<0.25 mm,0-3%,Nicollet loam + Webster silty clay loam,USDA NRCS,(-80C) for 3 months,"27.2, 40.5, 32.3",pipette,no,0.0950286984444,dry combustion,0.14253647587,gravimetric,env_package: soil,37.4844350103,4.5930673028,21.3876057769,2.620680097,5.94734296572,0.728743717409,1.22532653928,8,0.877276592729,2667.71586255,459.864263268,78.3185209926,28.3987342561,83.8505769075,566.581518516,426.547313903,52.2659743983,P,P_7,SM,SM_9
P13-SM-October2012,mge94622,,,,no,harvested grassland,2.C.1.Nb.M054.G333,USNVC,somewhat poorly drained,2012 drought year,Phaeozem,no,Ap,USDA Soil Survey,http://websoilsurvey.nrcs.usda.gov/app/WebSoilSurvey.aspx,Hapludoll + Endoaquoll,USDA NRCS,,7.4,"pH meter, 1:2 soil:H2O",no,"row crop, ?-2007",<0.25 mm,0-3%,Nicollet loam + Webster silty clay loam,USDA NRCS,(-80C) for 2 days,"27.2, 40.5, 32.3",pipette,no,,,0.150498640073,gravimetric,env_package: soil,,,,,,,,,,1871.89223827,342.768247425,70.4430492066,24.7340584876,49.5183588224,437.945355119,,,P,P_8,SM,SM_10
P13-WS-July2012,mge94433,,,,no,harvested grassland,2.C.1.Nb.M054.G333,USNVC,somewhat poorly drained,2012 drought year,Phaeozem,no,Ap,USDA Soil Survey,http://websoilsurvey.nrcs.usda.gov/app/WebSoilSurvey.aspx,Hapludoll + Endoaquoll,USDA NRCS,4.996460438,7.89,"pH meter, 1:2 soil:H2O",no,"row crop, ?-2007",8 mm,0-3%,Nicollet loam + Webster silty clay loam,USDA NRCS,(-80C) for 3 months,"27.2, 40.5, 32.3",pipette,no,0.0985968187451,dry combustion,0.164083865087,gravimetric,env_package: soil,37.4844350103,4.5930673028,21.3876057769,2.620680097,5.94734296572,0.728743717409,1.22532653928,8,0.877276592729,3672.15612965,593.160152556,102.715787997,42.0779323506,100.231990577,737.953872903,426.547313903,52.2659743983,P,P_9,WS,WS_9
P13-WS-October2012,mge94625,,,,no,harvested grassland,2.C.1.Nb.M054.G333,USNVC,somewhat poorly drained,2012 drought year,Phaeozem,no,Ap,USDA Soil Survey,http://websoilsurvey.nrcs.usda.gov/app/WebSoilSurvey.aspx,Hapludoll + Endoaquoll,USDA NRCS,,7.4,"pH meter, 1:2 soil:H2O",no,"row crop, ?-2007",8 mm,0-3%,Nicollet loam + Webster silty clay loam,USDA NRCS,(-80C) for 2 days,"27.2, 40.5, 32.3",pipette,no,,,0.20197044335,gravimetric,env_package: soil,,,,,,,,,,1755.92106814,330.41589674,45.2570961971,15.9275494402,52.3573097531,391.600542377,,,P,P_10,WS,WS_10
P24-LM-July2012,mge94436,,,,no,harvested grassland,2.C.1.Nb.M054.G333,USNVC,somewhat poorly drained,2012 drought year,Phaeozem,no,Ap,USDA Soil Survey,http://websoilsurvey.nrcs.usda.gov/app/WebSoilSurvey.aspx,Hapludoll + Endoaquoll,USDA NRCS,4.843033314,7.5,"pH meter, 1:2 soil:H2O",no,"row crop, ?-2007",8-2 mm,0-3%,Nicollet loam + Webster silty clay loam,USDA NRCS,(-80C) for 3 months,"28.7, 43.3, 28.0",pipette,no,0.0914528518915,dry combustion,0.150684931507,gravimetric,env_package: soil,35.9404301789,4.28811276271,20.7562780951,2.47646621265,4.1556377051,0.49581607654,1.19311670488,12,0.880771064308,3126.75069684,667.863226833,145.275430027,40.8091285382,102.820270245,853.947785399,386.001284334,46.0544580446,P,P_11,LM,LM_11
P24-LM-October2012,mge94628,,,,no,harvested grassland,2.C.1.Nb.M054.G333,USNVC,somewhat poorly drained,2012 drought year,Phaeozem,no,Ap,USDA Soil Survey,http://websoilsurvey.nrcs.usda.gov/app/WebSoilSurvey.aspx,Hapludoll + Endoaquoll,USDA NRCS,,7.44,"pH meter, 1:2 soil:H2O",no,"row crop, ?-2007",8-2 mm,0-3%,Nicollet loam + Webster silty clay loam,USDA NRCS,(-80C) for 2 days,"28.7, 43.3, 28.0",pipette,no,,,0.159982946609,gravimetric,env_package: soil,,,,,,,,,,2737.98830502,378.104394354,60.8625122579,27.0626266504,106.893834355,466.029533262,,,P,P_12,LM,LM_12
P24-MM-July2012,mge94442,,,,no,harvested grassland,2.C.1.Nb.M054.G333,USNVC,somewhat poorly drained,2012 drought year,Phaeozem,no,Ap,USDA Soil Survey,http://websoilsurvey.nrcs.usda.gov/app/WebSoilSurvey.aspx,Hapludoll + Endoaquoll,USDA NRCS,4.502198696,7.5,"pH meter, 1:2 soil:H2O",no,"row crop, ?-2007",1-0.25 mm,0-3%,Nicollet loam + Webster silty clay loam,USDA NRCS,(-80C) for 3 months,"28.7, 43.3, 28.0",pipette,no,0.0934686660767,dry combustion,0.147597254005,gravimetric,env_package: soil,35.9404301789,4.28811276271,20.7562780951,2.47646621265,4.1556377051,0.49581607654,1.19311670488,12,0.880771064308,4297.44950977,522.195887376,97.8539211557,62.4326248528,104.86833258,682.482433384,386.001284334,46.0544580446,P,P_13,MM,MM_11
P24-MM-October2012,mge94634,,,,no,harvested grassland,2.C.1.Nb.M054.G333,USNVC,somewhat poorly drained,2012 drought year,Phaeozem,no,Ap,USDA Soil Survey,http://websoilsurvey.nrcs.usda.gov/app/WebSoilSurvey.aspx,Hapludoll + Endoaquoll,USDA NRCS,,7.44,"pH meter, 1:2 soil:H2O",no,"row crop, ?-2007",1-0.25 mm,0-3%,Nicollet loam + Webster silty clay loam,USDA NRCS,(-80C) for 2 days,"28.7, 43.3, 28.0",pipette,no,,,0.171376481313,gravimetric,env_package: soil,,,,,,,,,,2308.15982805,252.222394637,49.5635537141,13.0034849751,62.7978487513,314.789433326,,,P,P_14,MM,MM_12
P24-Micro-July2012,mge94439,,,,no,harvested grassland,2.C.1.Nb.M054.G333,USNVC,somewhat poorly drained,2012 drought year,Phaeozem,no,Ap,USDA Soil Survey,http://websoilsurvey.nrcs.usda.gov/app/WebSoilSurvey.aspx,Hapludoll + Endoaquoll,USDA NRCS,3.418131828,7.5,"pH meter, 1:2 soil:H2O",no,"row crop, ?-2007",2-1 mm,0-3%,Nicollet loam + Webster silty clay loam,USDA NRCS,(-80C) for 3 months,"28.7, 43.3, 28.0",pipette,no,0.0800593420863,dry combustion,0.102310231023,gravimetric,env_package: soil,35.9404301789,4.28811276271,20.7562780951,2.47646621265,4.1556377051,0.49581607654,1.19311670488,12,0.880771064308,4812.5514815,778.255200952,159.029839667,51.4735609298,135.997048835,988.758601548,386.001284334,46.0544580446,P,P_15,Micro,Micro_11
P24-Micro-October2012,mge94631,,,,no,harvested grassland,2.C.1.Nb.M054.G333,USNVC,somewhat poorly drained,2012 drought year,Phaeozem,no,Ap,USDA Soil Survey,http://websoilsurvey.nrcs.usda.gov/app/WebSoilSurvey.aspx,Hapludoll + Endoaquoll,USDA NRCS,,7.44,"pH meter, 1:2 soil:H2O",no,"row crop, ?-2007",2-1 mm,0-3%,Nicollet loam + Webster silty clay loam,USDA NRCS,(-80C) for 2 days,"28.7, 43.3, 28.0",pipette,no,,,0.0951334494781,gravimetric,env_package: soil,,,,,,,,,,,,,,,,,,P,P_16,Micro,Micro_12
P24-SM-July2012,mge94445,,,,no,harvested grassland,2.C.1.Nb.M054.G333,USNVC,somewhat poorly drained,2012 drought year,Phaeozem,no,Ap,USDA Soil Survey,http://websoilsurvey.nrcs.usda.gov/app/WebSoilSurvey.aspx,Hapludoll + Endoaquoll,USDA NRCS,4.047739983,7.5,"pH meter, 1:2 soil:H2O",no,"row crop, ?-2007",<0.25 mm,0-3%,Nicollet loam + Webster silty clay loam,USDA NRCS,(-80C) for 3 months,"28.7, 43.3, 28.0",pipette,no,0.0850184857845,dry combustion,0.129796839729,gravimetric,env_package: soil,35.9404301789,4.28811276271,20.7562780951,2.47646621265,4.1556377051,0.49581607654,1.19311670488,12,0.880771064308,1976.67287095,418.753939592,59.2472383392,9.02768557524,61.5775631531,487.028863506,386.001284334,46.0544580446,P,P_17,SM,SM_11
P24-SM-October2012,mge94637,,,,no,harvested grassland,2.C.1.Nb.M054.G333,USNVC,somewhat poorly drained,2012 drought year,Phaeozem,no,Ap,USDA Soil Survey,http://websoilsurvey.nrcs.usda.gov/app/WebSoilSurvey.aspx,Hapludoll + Endoaquoll,USDA NRCS,,7.44,"pH meter, 1:2 soil:H2O",no,"row crop, ?-2007",<0.25 mm,0-3%,Nicollet loam + Webster silty clay loam,USDA NRCS,(-80C) for 2 days,"28.7, 43.3, 28.0",pipette,no,,,0.154833190761,gravimetric,env_package: soil,,,,,,,,,,1704.40031692,267.96656967,40.215096835,17.5301007581,44.0865349783,325.711767263,,,P,P_18,SM,SM_12
P24-WS-July2012,mge94448,,,,no,harvested grassland,2.C.1.Nb.M054.G333,USNVC,somewhat poorly drained,2012 drought year,Phaeozem,no,Ap,USDA Soil Survey,http://websoilsurvey.nrcs.usda.gov/app/WebSoilSurvey.aspx,Hapludoll + Endoaquoll,USDA NRCS,4.116086483,7.5,"pH meter, 1:2 soil:H2O",no,"row crop, ?-2007",8 mm,0-3%,Nicollet loam + Webster silty clay loam,USDA NRCS,(-80C) for 3 months,"28.7, 43.3, 28.0",pipette,no,0.0880655497313,dry combustion,0.154109589041,gravimetric,env_package: soil,35.9404301789,4.28811276271,20.7562780951,2.47646621265,4.1556377051,0.49581607654,1.19311670488,12,0.880771064308,2450.59046761,444.877263131,68.3741021412,33.1119571764,81.2162258592,546.363322448,386.001284334,46.0544580446,P,P_19,WS,WS_11
P24-WS-October2012,mge94640,,,,no,harvested grassland,2.C.1.Nb.M054.G333,USNVC,somewhat poorly drained,2012 drought year,Phaeozem,no,Ap,USDA Soil Survey,http://websoilsurvey.nrcs.usda.gov/app/WebSoilSurvey.aspx,Hapludoll + Endoaquoll,USDA NRCS,,7.44,"pH meter, 1:2 soil:H2O",no,"row crop, ?-2007",8 mm,0-3%,Nicollet loam + Webster silty clay loam,USDA NRCS,(-80C) for 2 days,"28.7, 43.3, 28.0",pipette,no,,,0.171945701357,gravimetric,env_package: soil,,,,,,,,,,1584.68375436,278.448767992,45.7653712464,16.6227764285,60.7871672503,340.836915667,,,P,P_20,WS,WS_12
P31-LM-July2012,mge94451,,,,no,harvested grassland,2.C.1.Nb.M054.G333,USNVC,poorly drained,2012 drought year,Phaeozem,no,Ap,USDA Soil Survey,http://websoilsurvey.nrcs.usda.gov/app/WebSoilSurvey.aspx,Endoaquoll,USDA NRCS,5.60091877,7.74,"pH meter, 1:2 soil:H2O",no,"row crop, ?-2007",8-2 mm,0-3%,Webster silty clay loam,USDA NRCS,(-80C) for 3 months,"41.2, 32.9, 25.9",pipette,no,0.108068190515,dry combustion,0.180138568129,gravimetric,env_package: soil,70.1573132912,7.83389608576,17.0242389184,1.90095818054,3.48685088647,0.389348255082,1.11661859873,18,0.863636363636,2795.82915045,608.225481112,126.510392454,48.8462763545,92.7824449966,783.58214992,712.07886651,79.5120506105,P,P_21,LM,LM_13
P31-LM-October2012,mge94643,,,,no,harvested grassland,2.C.1.Nb.M054.G333,USNVC,poorly drained,2012 drought year,Phaeozem,no,Ap,USDA Soil Survey,http://websoilsurvey.nrcs.usda.gov/app/WebSoilSurvey.aspx,Endoaquoll,USDA NRCS,,7.64,"pH meter, 1:2 soil:H2O",no,"row crop, ?-2007",8-2 mm,0-3%,Webster silty clay loam,USDA NRCS,(-80C) for 2 days,"41.2, 32.9, 25.9",pipette,no,,,0.189984101749,gravimetric,env_package: soil,,,,,,,,,,4324.0974985,617.80474299,115.397702936,52.2509349125,136.425173267,785.453380838,,,P,P_22,LM,LM_14
P31-MM-July2012,mge94457,,,,no,harvested grassland,2.C.1.Nb.M054.G333,USNVC,poorly drained,2012 drought year,Phaeozem,no,Ap,USDA Soil Survey,http://websoilsurvey.nrcs.usda.gov/app/WebSoilSurvey.aspx,Endoaquoll,USDA NRCS,5.10234642,7.74,"pH meter, 1:2 soil:H2O",no,"row crop, ?-2007",1-0.25 mm,0-3%,Webster silty clay loam,USDA NRCS,(-80C) for 3 months,"41.2, 32.9, 25.9",pipette,no,0.103000886738,dry combustion,0.16404494382,gravimetric,env_package: soil,70.1573132912,7.83389608576,17.0242389184,1.90095818054,3.48685088647,0.389348255082,1.11661859873,18,0.863636363636,3729.71511065,414.136832018,80.61195503,24.0630004684,97.4714320992,518.811787516,712.07886651,79.5120506105,P,P_23,MM,MM_13
P31-MM-October2012,mge94649,,,,no,harvested grassland,2.C.1.Nb.M054.G333,USNVC,poorly drained,2012 drought year,Phaeozem,no,Ap,USDA Soil Survey,http://websoilsurvey.nrcs.usda.gov/app/WebSoilSurvey.aspx,Endoaquoll,USDA NRCS,,7.64,"pH meter, 1:2 soil:H2O",no,"row crop, ?-2007",1-0.25 mm,0-3%,Webster silty clay loam,USDA NRCS,(-80C) for 2 days,"41.2, 32.9, 25.9",pipette,no,,,0.184629803187,gravimetric,env_package: soil,,,,,,,,,,2013.0465751,484.120852039,96.2839972033,29.193376163,65.2930238805,609.598225405,,,P,P_24,MM,MM_14
P31-Micro-July2012,mge94454,,,,no,harvested grassland,2.C.1.Nb.M054.G333,USNVC,poorly drained,2012 drought year,Phaeozem,no,Ap,USDA Soil Survey,http://websoilsurvey.nrcs.usda.gov/app/WebSoilSurvey.aspx,Endoaquoll,USDA NRCS,3.883396149,7.74,"pH meter, 1:2 soil:H2O",no,"row crop, ?-2007",2-1 mm,0-3%,Webster silty clay loam,USDA NRCS,(-80C) for 3 months,"41.2, 32.9, 25.9",pipette,no,0.0916253626347,dry combustion,0.0574712643678,gravimetric,env_package: soil,70.1573132912,7.83389608576,17.0242389184,1.90095818054,3.48685088647,0.389348255082,1.11661859873,18,0.863636363636,3716.10710876,896.774849449,159.590116255,71.7069965966,102.849925874,1128.0719623,712.07886651,79.5120506105,P,P_25,Micro,Micro_13
P31-Micro-October2012,mge94646,,,,no,harvested grassland,2.C.1.Nb.M054.G333,USNVC,poorly drained,2012 drought year,Phaeozem,no,Ap,USDA Soil Survey,http://websoilsurvey.nrcs.usda.gov/app/WebSoilSurvey.aspx,Endoaquoll,USDA NRCS,,7.64,"pH meter, 1:2 soil:H2O",no,"row crop, ?-2007",2-1 mm,0-3%,Webster silty clay loam,USDA NRCS,(-80C) for 2 days,"41.2, 32.9, 25.9",pipette,no,,,0.109756097561,gravimetric,env_package: soil,,,,,,,,,,1432.82770085,514.610280278,111.564012234,46.1087391229,45.5215660722,672.283031636,,,P,P_26,Micro,Micro_14
P31-SM-July2012,mge94460,,,,no,harvested grassland,2.C.1.Nb.M054.G333,USNVC,poorly drained,2012 drought year,Phaeozem,no,Ap,USDA Soil Survey,http://websoilsurvey.nrcs.usda.gov/app/WebSoilSurvey.aspx,Endoaquoll,USDA NRCS,4.83533287,7.74,"pH meter, 1:2 soil:H2O",no,"row crop, ?-2007",<0.25 mm,0-3%,Webster silty clay loam,USDA NRCS,(-80C) for 3 months,"41.2, 32.9, 25.9",pipette,no,0.101066477597,dry combustion,0.145952109464,gravimetric,env_package: soil,70.1573132912,7.83389608576,17.0242389184,1.90095818054,3.48685088647,0.389348255082,1.11661859873,18,0.863636363636,3533.2115463,568.403729109,94.1256629972,36.2284753965,105.591570688,698.757867503,712.07886651,79.5120506105,P,P_27,SM,SM_13
P31-SM-October2012,mge94652,,,,no,harvested grassland,2.C.1.Nb.M054.G333,USNVC,poorly drained,2012 drought year,Phaeozem,no,Ap,USDA Soil Survey,http://websoilsurvey.nrcs.usda.gov/app/WebSoilSurvey.aspx,Endoaquoll,USDA NRCS,,7.64,"pH meter, 1:2 soil:H2O",no,"row crop, ?-2007",<0.25 mm,0-3%,Webster silty clay loam,USDA NRCS,(-80C) for 2 days,"41.2, 32.9, 25.9",pipette,no,,,0.172131147541,gravimetric,env_package: soil,,,,,,,,,,1693.37872566,478.883179684,117.962056855,27.7973029317,55.9596159268,624.64253947,,,P,P_28,SM,SM_14
P31-WS-July2012,mge94463,,,,no,harvested grassland,2.C.1.Nb.M054.G333,USNVC,poorly drained,2012 drought year,Phaeozem,no,Ap,USDA Soil Survey,http://websoilsurvey.nrcs.usda.gov/app/WebSoilSurvey.aspx,Endoaquoll,USDA NRCS,5.233697891,7.74,"pH meter, 1:2 soil:H2O",no,"row crop, ?-2007",8 mm,0-3%,Webster silty clay loam,USDA NRCS,(-80C) for 3 months,"41.2, 32.9, 25.9",pipette,no,0.110295362771,dry combustion,0.16799091941,gravimetric,env_package: soil,70.1573132912,7.83389608576,17.0242389184,1.90095818054,3.48685088647,0.389348255082,1.11661859873,18,0.863636363636,5256.01307216,676.365147097,123.547578188,46.9809196629,137.070333757,846.893644948,712.07886651,79.5120506105,P,P_29,WS,WS_13
P31-WS-October2012,mge94655,,,,no,harvested grassland,2.C.1.Nb.M054.G333,USNVC,poorly drained,2012 drought year,Phaeozem,no,Ap,USDA Soil Survey,http://websoilsurvey.nrcs.usda.gov/app/WebSoilSurvey.aspx,Endoaquoll,USDA NRCS,,7.64,"pH meter, 1:2 soil:H2O",no,"row crop, ?-2007",8 mm,0-3%,Webster silty clay loam,USDA NRCS,(-80C) for 2 days,"41.2, 32.9, 25.9",pipette,no,,,0.188745603751,gravimetric,env_package: soil,,,,,,,,,,2615.1270653,532.376151069,116.978065409,36.9899120822,95.8497973125,686.34412856,,,P,P_30,WS,WS_14
P46-LM-July2012,mge94466,,,,no,harvested grassland,2.C.1.Nb.M054.G333,USNVC,somewhat poorly drained,2012 drought year,Phaeozem,no,Ap,USDA Soil Survey,http://websoilsurvey.nrcs.usda.gov/app/WebSoilSurvey.aspx,Hapludoll,USDA NRCS,2.73943615,6.42,"pH meter, 1:2 soil:H2O",no,"row crop, ?-2007",8-2 mm,0-3%,Nicollet loam,USDA NRCS,(-80C) for 3 months,"52.8, 30.5, 16.7",pipette,no,0.0648132860661,dry combustion,0.108671789243,gravimetric,env_package: soil,30.7226866281,3.92401503396,21.6945289516,2.77090538309,4.96097092265,0.633633533394,1.27723694268,12,0.915697911568,2251.3678321,119.47619376,21.9811416111,8.33418580411,71.3434826927,149.791521176,343.424476799,43.8634428787,P,P_31,LM,LM_15
P46-LM-October2012,mge94658,,,,no,harvested grassland,2.C.1.Nb.M054.G333,USNVC,somewhat poorly drained,2012 drought year,Phaeozem,no,Ap,USDA Soil Survey,http://websoilsurvey.nrcs.usda.gov/app/WebSoilSurvey.aspx,Hapludoll,USDA NRCS,,6.72,"pH meter, 1:2 soil:H2O",no,"row crop, ?-2007",8-2 mm,0-3%,Nicollet loam,USDA NRCS,(-80C) for 2 days,"52.8, 30.5, 16.7",pipette,no,,,0.114014251781,gravimetric,env_package: soil,,,,,,,,,,1711.57289073,154.977644029,20.6466829788,7.78935971146,86.1807314908,183.41368672,,,P,P_32,LM,LM_16
P46-MM-July2012,mge94472,,,,no,harvested grassland,2.C.1.Nb.M054.G333,USNVC,somewhat poorly drained,2012 drought year,Phaeozem,no,Ap,USDA Soil Survey,http://websoilsurvey.nrcs.usda.gov/app/WebSoilSurvey.aspx,Hapludoll,USDA NRCS,2.938961267,6.42,"pH meter, 1:2 soil:H2O",no,"row crop, ?-2007",1-0.25 mm,0-3%,Nicollet loam,USDA NRCS,(-80C) for 3 months,"52.8, 30.5, 16.7",pipette,no,0.068828843534,dry combustion,0.109529025192,gravimetric,env_package: soil,30.7226866281,3.92401503396,21.6945289516,2.77090538309,4.96097092265,0.633633533394,1.27723694268,12,0.915697911568,2215.30208201,217.670106485,27.5616755379,14.9323875322,127.895251864,260.164169555,343.424476799,43.8634428787,P,P_33,MM,MM_15
P46-MM-October2012,mge94664,,,,no,harvested grassland,2.C.1.Nb.M054.G333,USNVC,somewhat poorly drained,2012 drought year,Phaeozem,no,Ap,USDA Soil Survey,http://websoilsurvey.nrcs.usda.gov/app/WebSoilSurvey.aspx,Hapludoll,USDA NRCS,,6.72,"pH meter, 1:2 soil:H2O",no,"row crop, ?-2007",1-0.25 mm,0-3%,Nicollet loam,USDA NRCS,(-80C) for 2 days,"52.8, 30.5, 16.7",pipette,no,,,0.116595744681,gravimetric,env_package: soil,,,,,,,,,,1172.51954986,109.976999515,13.0904817586,4.36216746744,46.8429461067,127.429648741,,,P,P_34,MM,MM_16
P46-Micro-July2012,mge94469,,,,no,harvested grassland,2.C.1.Nb.M054.G333,USNVC,somewhat poorly drained,2012 drought year,Phaeozem,no,Ap,USDA Soil Survey,http://websoilsurvey.nrcs.usda.gov/app/WebSoilSurvey.aspx,Hapludoll,USDA NRCS,2.728315353,6.42,"pH meter, 1:2 soil:H2O",no,"row crop, ?-2007",2-1 mm,0-3%,Nicollet loam,USDA NRCS,(-80C) for 3 months,"52.8, 30.5, 16.7",pipette,no,0.0646755322814,dry combustion,0.0859630032644,gravimetric,env_package: soil,30.7226866281,3.92401503396,21.6945289516,2.77090538309,4.96097092265,0.633633533394,1.27723694268,12,0.915697911568,1706.3772573,305.807001411,52.659020462,22.6084132459,40.4842624132,381.074435119,343.424476799,43.8634428787,P,P_35,Micro,Micro_15
P46-Micro-October2012,mge94661,,,,no,harvested grassland,2.C.1.Nb.M054.G333,USNVC,somewhat poorly drained,2012 drought year,Phaeozem,no,Ap,USDA Soil Survey,http://websoilsurvey.nrcs.usda.gov/app/WebSoilSurvey.aspx,Hapludoll,USDA NRCS,,6.72,"pH meter, 1:2 soil:H2O",no,"row crop, ?-2007",2-1 mm,0-3%,Nicollet loam,USDA NRCS,(-80C) for 2 days,"52.8, 30.5, 16.7",pipette,no,,,0.0692520775623,gravimetric,env_package: soil,,,,,,,,,,935.212357234,148.753698334,15.4881795294,8.62002958055,28.3612138834,172.861907444,,,P,P_36,Micro,Micro_16
P46-SM-July2012,mge94475,,,,no,harvested grassland,2.C.1.Nb.M054.G333,USNVC,somewhat poorly drained,2012 drought year,Phaeozem,no,Ap,USDA Soil Survey,http://websoilsurvey.nrcs.usda.gov/app/WebSoilSurvey.aspx,Hapludoll,USDA NRCS,2.520507813,6.42,"pH meter, 1:2 soil:H2O",no,"row crop, ?-2007",<0.25 mm,0-3%,Nicollet loam,USDA NRCS,(-80C) for 3 months,"52.8, 30.5, 16.7",pipette,no,0.0588972084224,dry combustion,0.0907127429806,gravimetric,env_package: soil,30.7226866281,3.92401503396,21.6945289516,2.77090538309,4.96097092265,0.633633533394,1.27723694268,12,0.915697911568,2329.64194005,251.209322796,35.8892764815,15.082702055,63.1774410568,302.181301332,343.424476799,43.8634428787,P,P_37,SM,SM_15
P46-SM-October2012,mge94667,,,,no,harvested grassland,2.C.1.Nb.M054.G333,USNVC,somewhat poorly drained,2012 drought year,Phaeozem,no,Ap,USDA Soil Survey,http://websoilsurvey.nrcs.usda.gov/app/WebSoilSurvey.aspx,Hapludoll,USDA NRCS,,6.72,"pH meter, 1:2 soil:H2O",no,"row crop, ?-2007",<0.25 mm,0-3%,Nicollet loam,USDA NRCS,(-80C) for 2 days,"52.8, 30.5, 16.7",pipette,no,,,0.104146576663,gravimetric,env_package: soil,,,,,,,,,,1263.36054465,199.886008968,18.0594349133,10.8220870943,42.3529268626,228.767530975,,,P,P_38,SM,SM_16
P46-WS-July2012,mge94478,,,,no,harvested grassland,2.C.1.Nb.M054.G333,USNVC,somewhat poorly drained,2012 drought year,Phaeozem,no,Ap,USDA Soil Survey,http://websoilsurvey.nrcs.usda.gov/app/WebSoilSurvey.aspx,Hapludoll,USDA NRCS,2.762199163,6.42,"pH meter, 1:2 soil:H2O",no,"row crop, ?-2007",8 mm,0-3%,Nicollet loam,USDA NRCS,(-80C) for 3 months,"52.8, 30.5, 16.7",pipette,no,0.0665526017547,dry combustion,0.0981661272923,gravimetric,env_package: soil,30.7226866281,3.92401503396,21.6945289516,2.77090538309,4.96097092265,0.633633533394,1.27723694268,12,0.915697911568,3519.06438774,226.035434619,35.7164054008,10.9381442354,103.218559708,272.689984255,343.424476799,43.8634428787,P,P_39,WS,WS_15
P46-WS-October2012,mge94670,,,,no,harvested grassland,2.C.1.Nb.M054.G333,USNVC,somewhat poorly drained,2012 drought year,Phaeozem,no,Ap,USDA Soil Survey,http://websoilsurvey.nrcs.usda.gov/app/WebSoilSurvey.aspx,Hapludoll,USDA NRCS,,6.72,"pH meter, 1:2 soil:H2O",no,"row crop, ?-2007",8 mm,0-3%,Nicollet loam,USDA NRCS,(-80C) for 2 days,"52.8, 30.5, 16.7",pipette,no,,,0.114528101803,gravimetric,env_package: soil,,,,,,,,,,1192.09707196,105.202900426,13.6464808496,3.84757648635,45.7842447599,122.696957762,,,P,P_40,WS,WS_16
PF15-LM-July2012,mge94481,,,75 lb/acre liquid urea amonia nitrate (28% solution) 2012-3-28,no,fertilized harvested grassland,2.C.1.Nb.M054.G333,USNVC,poorly drained,2012 drought year,Phaeozem,no,Ap,USDA Soil Survey,http://websoilsurvey.nrcs.usda.gov/app/WebSoilSurvey.aspx,Endoaquoll,USDA NRCS,5.950910091,7.54,"pH meter, 1:2 soil:H2O",no,"row crop, ?-2007",8-2 mm,0-3%,Webster silty clay loam,USDA NRCS,(-80C) for 3 months,"29.3, 38.9, 31.9",pipette,no,0.111252464354,dry combustion,0.168202764977,gravimetric,env_package: soil,71.4690503666,6.9515519636,28.2367602949,2.74649383848,5.83348066762,0.567402865738,0.972666060055,11,0.908653846154,1843.50845019,441.986281931,50.8991893891,15.6662240735,57.4716635029,508.551695394,651.480606978,63.3673075191,PF,PF_1,LM,LM_17
PF15-LM-October2012,mge94673,,,75 lb/acre liquid urea amonia nitrate (28% solution) 2012-3-28,no,fertilized harvested grassland,2.C.1.Nb.M054.G333,USNVC,poorly drained,2012 drought year,Phaeozem,no,Ap,USDA Soil Survey,http://websoilsurvey.nrcs.usda.gov/app/WebSoilSurvey.aspx,Endoaquoll,USDA NRCS,,7.83,"pH meter, 1:2 soil:H2O",no,"row crop, ?-2007",8-2 mm,0-3%,Webster silty clay loam,USDA NRCS,(-80C) for 2 days,"29.3, 38.9, 31.9",pipette,no,,,0.181034482759,gravimetric,env_package: soil,,,,,,,,,,3282.89454955,562.916789067,39.1028610527,41.5700556304,78.4985809031,643.58970575,,,PF,PF_2,LM,LM_18
PF15-MM-July2012,mge94489,,,75 lb/acre liquid urea amonia nitrate (28% solution) 2012-3-28,no,fertilized harvested grassland,2.C.1.Nb.M054.G333,USNVC,poorly drained,2012 drought year,Phaeozem,no,Ap,USDA Soil Survey,http://websoilsurvey.nrcs.usda.gov/app/WebSoilSurvey.aspx,Endoaquoll,USDA NRCS,6.208688736,7.54,"pH meter, 1:2 soil:H2O",no,"row crop, ?-2007",1-0.25 mm,0-3%,Webster silty clay loam,USDA NRCS,(-80C) for 3 months,"29.3, 38.9, 31.9",pipette,no,0.116402380168,dry combustion,0.170361726954,gravimetric,env_package: soil,71.4690503666,6.9515519636,28.2367602949,2.74649383848,5.83348066762,0.567402865738,0.972666060055,11,0.908653846154,1192.94955845,317.093995546,60.4533087989,24.4171087156,48.5431397597,401.964413061,651.480606978,63.3673075191,PF,PF_3,MM,MM_17
PF15-MM-October2012,mge94679,,,75 lb/acre liquid urea amonia nitrate (28% solution) 2012-3-28,no,fertilized harvested grassland,2.C.1.Nb.M054.G333,USNVC,poorly drained,2012 drought year,Phaeozem,no,Ap,USDA Soil Survey,http://websoilsurvey.nrcs.usda.gov/app/WebSoilSurvey.aspx,Endoaquoll,USDA NRCS,,7.83,"pH meter, 1:2 soil:H2O",no,"row crop, ?-2007",1-0.25 mm,0-3%,Webster silty clay loam,USDA NRCS,(-80C) for 2 days,"29.3, 38.9, 31.9",pipette,no,,,0.152557319224,gravimetric,env_package: soil,,,,,,,,,,1457.08126225,488.223744859,56.8323708096,38.3076110593,59.6458386354,583.363726728,,,PF,PF_4,MM,MM_18
PF15-Micro-July2012,mge94485,,,75 lb/acre liquid urea amonia nitrate (28% solution) 2012-3-28,no,fertilized harvested grassland,2.C.1.Nb.M054.G333,USNVC,poorly drained,2012 drought year,Phaeozem,no,Ap,USDA Soil Survey,http://websoilsurvey.nrcs.usda.gov/app/WebSoilSurvey.aspx,Endoaquoll,USDA NRCS,4.702953815,7.54,"pH meter, 1:2 soil:H2O",no,"row crop, ?-2007",2-1 mm,0-3%,Webster silty clay loam,USDA NRCS,(-80C) for 3 months,"29.3, 38.9, 31.9",pipette,no,0.107183940709,dry combustion,0.101694915254,gravimetric,env_package: soil,71.4690503666,6.9515519636,28.2367602949,2.74649383848,5.83348066762,0.567402865738,0.972666060055,11,0.908653846154,1457.17108577,562.739401403,87.9720200155,34.8486779904,48.6229721905,685.560099409,651.480606978,63.3673075191,PF,PF_5,Micro,Micro_17
PF15-Micro-October2012,mge94676,,,75 lb/acre liquid urea amonia nitrate (28% solution) 2012-3-28,no,fertilized harvested grassland,2.C.1.Nb.M054.G333,USNVC,poorly drained,2012 drought year,Phaeozem,no,Ap,USDA Soil Survey,http://websoilsurvey.nrcs.usda.gov/app/WebSoilSurvey.aspx,Endoaquoll,USDA NRCS,,7.83,"pH meter, 1:2 soil:H2O",no,"row crop, ?-2007",2-1 mm,0-3%,Webster silty clay loam,USDA NRCS,(-80C) for 2 days,"29.3, 38.9, 31.9",pipette,no,,,0.0951334494781,gravimetric,env_package: soil,,,,,,,,,,4016.25663335,1377.0594738,224.192436997,117.861765391,140.891454344,1719.11367619,,,PF,PF_6,Micro,Micro_18
PF15-SM-July2012,mge94492,,,75 lb/acre liquid urea amonia nitrate (28% solution) 2012-3-28,no,fertilized harvested grassland,2.C.1.Nb.M054.G333,USNVC,poorly drained,2012 drought year,Phaeozem,no,Ap,USDA Soil Survey,http://websoilsurvey.nrcs.usda.gov/app/WebSoilSurvey.aspx,Endoaquoll,USDA NRCS,5.629857063,7.54,"pH meter, 1:2 soil:H2O",no,"row crop, ?-2007",<0.25 mm,0-3%,Webster silty clay loam,USDA NRCS,(-80C) for 3 months,"29.3, 38.9, 31.9",pipette,no,0.109979480505,dry combustion,0.154377880184,gravimetric,env_package: soil,71.4690503666,6.9515519636,28.2367602949,2.74649383848,5.83348066762,0.567402865738,0.972666060055,11,0.908653846154,1203.38560738,357.008261819,73.0050515581,22.9466648239,39.6631666784,452.959978201,651.480606978,63.3673075191,PF,PF_7,SM,SM_17
PF15-SM-October2012,mge94682,,,75 lb/acre liquid urea amonia nitrate (28% solution) 2012-3-28,no,fertilized harvested grassland,2.C.1.Nb.M054.G333,USNVC,poorly drained,2012 drought year,Phaeozem,no,Ap,USDA Soil Survey,http://websoilsurvey.nrcs.usda.gov/app/WebSoilSurvey.aspx,Endoaquoll,USDA NRCS,,7.83,"pH meter, 1:2 soil:H2O",no,"row crop, ?-2007",<0.25 mm,0-3%,Webster silty clay loam,USDA NRCS,(-80C) for 2 days,"29.3, 38.9, 31.9",pipette,no,,,0.0898203592814,gravimetric,env_package: soil,,,,,,,,,,3298.06348592,1112.85010527,125.255673734,114.331906694,146.832660623,1352.4376857,,,PF,PF_8,SM,SM_18
PF15-WS-July2012,mge94496,,,75 lb/acre liquid urea amonia nitrate (28% solution) 2012-3-28,no,fertilized harvested grassland,2.C.1.Nb.M054.G333,USNVC,poorly drained,2012 drought year,Phaeozem,no,Ap,USDA Soil Survey,http://websoilsurvey.nrcs.usda.gov/app/WebSoilSurvey.aspx,Endoaquoll,USDA NRCS,6.017654419,7.54,"pH meter, 1:2 soil:H2O",no,"row crop, ?-2007",8 mm,0-3%,Webster silty clay loam,USDA NRCS,(-80C) for 3 months,"29.3, 38.9, 31.9",pipette,no,0.116362988949,dry combustion,0.16144018583,gravimetric,env_package: soil,71.4690503666,6.9515519636,28.2367602949,2.74649383848,5.83348066762,0.567402865738,0.972666060055,11,0.908653846154,1191.6439112,286.745321629,47.1628615526,16.3970739687,37.5040948066,350.30525715,651.480606978,63.3673075191,PF,PF_9,WS,WS_17
PF15-WS-October2012,mge94685,,,75 lb/acre liquid urea amonia nitrate (28% solution) 2012-3-28,no,fertilized harvested grassland,2.C.1.Nb.M054.G333,USNVC,poorly drained,2012 drought year,Phaeozem,no,Ap,USDA Soil Survey,http://websoilsurvey.nrcs.usda.gov/app/WebSoilSurvey.aspx,Endoaquoll,USDA NRCS,,7.83,"pH meter, 1:2 soil:H2O",no,"row crop, ?-2007",8 mm,0-3%,Webster silty clay loam,USDA NRCS,(-80C) for 2 days,"29.3, 38.9, 31.9",pipette,no,,,0.206724782067,gravimetric,env_package: soil,,,,,,,,,,3986.26640123,1393.57319443,412.516833781,101.756826904,237.967698407,1907.84685512,,,PF,PF_10,WS,WS_18
PF23-LM-July2012,mge94500,,,75 lb/acre liquid urea amonia nitrate (28% solution) 2012-3-28,no,fertilized harvested grassland,2.C.1.Nb.M054.G333,USNVC,somewhat poorly drained,2012 drought year,Phaeozem,no,Ap,USDA Soil Survey,http://websoilsurvey.nrcs.usda.gov/app/WebSoilSurvey.aspx,Hapludoll + Endoaquoll,USDA NRCS,4.532594681,7.19,"pH meter, 1:2 soil:H2O",no,"row crop, ?-2007",8-2 mm,0-3%,Nicollet loam + Webster silty clay loam,USDA NRCS,(-80C) for 3 months,"34.0, 39.9, 26.1",pipette,no,0.0906299650669,dry combustion,0.137656427759,gravimetric,env_package: soil,63.1299426556,7.25747868375,19.9470128442,2.29312770504,3.89499572967,0.44777244034,1.14960957962,8,0.911852759066,1886.22689408,274.679155862,28.4359793349,7.95226426923,55.479828896,311.067399466,593.449052622,68.2234715909,PF,PF_11,LM,LM_19
PF23-LM-October2012,mge94688,,,75 lb/acre liquid urea amonia nitrate (28% solution) 2012-3-28,no,fertilized harvested grassland,2.C.1.Nb.M054.G333,USNVC,somewhat poorly drained,2012 drought year,Phaeozem,no,Ap,USDA Soil Survey,http://websoilsurvey.nrcs.usda.gov/app/WebSoilSurvey.aspx,Hapludoll + Endoaquoll,USDA NRCS,,7.28,"pH meter, 1:2 soil:H2O",no,"row crop, ?-2007",8-2 mm,0-3%,Nicollet loam + Webster silty clay loam,USDA NRCS,(-80C) for 2 days,"34.0, 39.9, 26.1",pipette,no,,,0.145901639344,gravimetric,env_package: soil,,,,,,,,,,6184.40755963,611.930749151,109.578324663,33.1607344936,254.73501743,754.669808307,,,PF,PF_12,LM,LM_20
PF23-MM-July2012,mge94507,,,75 lb/acre liquid urea amonia nitrate (28% solution) 2012-3-28,no,fertilized harvested grassland,2.C.1.Nb.M054.G333,USNVC,somewhat poorly drained,2012 drought year,Phaeozem,no,Ap,USDA Soil Survey,http://websoilsurvey.nrcs.usda.gov/app/WebSoilSurvey.aspx,Hapludoll + Endoaquoll,USDA NRCS,4.057810783,7.19,"pH meter, 1:2 soil:H2O",no,"row crop, ?-2007",1-0.25 mm,0-3%,Nicollet loam + Webster silty clay loam,USDA NRCS,(-80C) for 3 months,"34.0, 39.9, 26.1",pipette,no,0.0853804796934,dry combustion,0.138009049774,gravimetric,env_package: soil,63.1299426556,7.25747868375,19.9470128442,2.29312770504,3.89499572967,0.44777244034,1.14960957962,8,0.911852759066,2302.91300583,489.77052058,83.6725443705,17.5597960546,86.5064160136,591.002861005,593.449052622,68.2234715909,PF,PF_13,MM,MM_19
PF23-MM-October2012,mge94694,,,75 lb/acre liquid urea amonia nitrate (28% solution) 2012-3-28,no,fertilized harvested grassland,2.C.1.Nb.M054.G333,USNVC,somewhat poorly drained,2012 drought year,Phaeozem,no,Ap,USDA Soil Survey,http://websoilsurvey.nrcs.usda.gov/app/WebSoilSurvey.aspx,Hapludoll + Endoaquoll,USDA NRCS,,7.28,"pH meter, 1:2 soil:H2O",no,"row crop, ?-2007",1-0.25 mm,0-3%,Nicollet loam + Webster silty clay loam,USDA NRCS,(-80C) for 2 days,"34.0, 39.9, 26.1",pipette,no,,,0.150978564772,gravimetric,env_package: soil,,,,,,,,,,7249.23370795,953.440989125,143.66516147,78.3482397813,264.290272938,1175.45439038,,,PF,PF_14,MM,MM_20
PF23-Micro-July2012,mge94503,,,75 lb/acre liquid urea amonia nitrate (28% solution) 2012-3-28,no,fertilized harvested grassland,2.C.1.Nb.M054.G333,USNVC,somewhat poorly drained,2012 drought year,Phaeozem,no,Ap,USDA Soil Survey,http://websoilsurvey.nrcs.usda.gov/app/WebSoilSurvey.aspx,Hapludoll + Endoaquoll,USDA NRCS,3.511238098,7.19,"pH meter, 1:2 soil:H2O",no,"row crop, ?-2007",2-1 mm,0-3%,Nicollet loam + Webster silty clay loam,USDA NRCS,(-80C) for 3 months,"34.0, 39.9, 26.1",pipette,no,0.0758024975657,dry combustion,0.0942578548212,gravimetric,env_package: soil,63.1299426556,7.25747868375,19.9470128442,2.29312770504,3.89499572967,0.44777244034,1.14960957962,8,0.911852759066,2099.46258294,550.029083058,45.9269923843,24.2188806691,77.2547408418,620.174956111,593.449052622,68.2234715909,PF,PF_15,Micro,Micro_19
PF23-Micro-October2012,mge94691,,,75 lb/acre liquid urea amonia nitrate (28% solution) 2012-3-28,no,fertilized harvested grassland,2.C.1.Nb.M054.G333,USNVC,somewhat poorly drained,2012 drought year,Phaeozem,no,Ap,USDA Soil Survey,http://websoilsurvey.nrcs.usda.gov/app/WebSoilSurvey.aspx,Hapludoll + Endoaquoll,USDA NRCS,,7.28,"pH meter, 1:2 soil:H2O",no,"row crop, ?-2007",2-1 mm,0-3%,Nicollet loam + Webster silty clay loam,USDA NRCS,(-80C) for 2 days,"34.0, 39.9, 26.1",pipette,no,,,0.0841121495327,gravimetric,env_package: soil,,,,,,,,,,2854.37906536,559.0860415,42.9362965013,38.8697732619,101.931685822,640.892111263,,,PF,PF_16,Micro,Micro_20
PF23-SM-July2012,mge94510,,,75 lb/acre liquid urea amonia nitrate (28% solution) 2012-3-28,no,fertilized harvested grassland,2.C.1.Nb.M054.G333,USNVC,somewhat poorly drained,2012 drought year,Phaeozem,no,Ap,USDA Soil Survey,http://websoilsurvey.nrcs.usda.gov/app/WebSoilSurvey.aspx,Hapludoll + Endoaquoll,USDA NRCS,4.427569389,7.19,"pH meter, 1:2 soil:H2O",no,"row crop, ?-2007",<0.25 mm,0-3%,Nicollet loam + Webster silty clay loam,USDA NRCS,(-80C) for 3 months,"34.0, 39.9, 26.1",pipette,no,0.0860307365656,dry combustion,0.124719101124,gravimetric,env_package: soil,63.1299426556,7.25747868375,19.9470128442,2.29312770504,3.89499572967,0.44777244034,1.14960957962,8,0.911852759066,2211.83294763,407.148137122,67.7689496403,15.5891630241,77.6299824701,490.506249787,593.449052622,68.2234715909,PF,PF_17,SM,SM_19
PF23-SM-October2012,mge94697,,,75 lb/acre liquid urea amonia nitrate (28% solution) 2012-3-28,no,fertilized harvested grassland,2.C.1.Nb.M054.G333,USNVC,somewhat poorly drained,2012 drought year,Phaeozem,no,Ap,USDA Soil Survey,http://websoilsurvey.nrcs.usda.gov/app/WebSoilSurvey.aspx,Hapludoll + Endoaquoll,USDA NRCS,,7.28,"pH meter, 1:2 soil:H2O",no,"row crop, ?-2007",<0.25 mm,0-3%,Nicollet loam + Webster silty clay loam,USDA NRCS,(-80C) for 2 days,"34.0, 39.9, 26.1",pipette,no,,,0.140909090909,gravimetric,env_package: soil,,,,,,,,,,6362.05608673,919.447154165,167.731683309,102.96035655,222.285490808,1190.13919402,,,PF,PF_18,SM,SM_20
PF23-WS-July2012,mge94513,,,75 lb/acre liquid urea amonia nitrate (28% solution) 2012-3-28,no,fertilized harvested grassland,2.C.1.Nb.M054.G333,USNVC,somewhat poorly drained,2012 drought year,Phaeozem,no,Ap,USDA Soil Survey,http://websoilsurvey.nrcs.usda.gov/app/WebSoilSurvey.aspx,Hapludoll + Endoaquoll,USDA NRCS,4.068501949,7.19,"pH meter, 1:2 soil:H2O",no,"row crop, ?-2007",8 mm,0-3%,Nicollet loam + Webster silty clay loam,USDA NRCS,(-80C) for 3 months,"34.0, 39.9, 26.1",pipette,no,0.083262950182,dry combustion,0.137542277339,gravimetric,env_package: soil,63.1299426556,7.25747868375,19.9470128442,2.29312770504,3.89499572967,0.44777244034,1.14960957962,8,0.911852759066,2359.46163194,515.931540993,61.2600471581,26.172455015,108.532732673,603.364043167,593.449052622,68.2234715909,PF,PF_19,WS,WS_19
PF23-WS-October2012,mge94700,,,75 lb/acre liquid urea amonia nitrate (28% solution) 2012-3-28,no,fertilized harvested grassland,2.C.1.Nb.M054.G333,USNVC,somewhat poorly drained,2012 drought year,Phaeozem,no,Ap,USDA Soil Survey,http://websoilsurvey.nrcs.usda.gov/app/WebSoilSurvey.aspx,Hapludoll + Endoaquoll,USDA NRCS,,7.28,"pH meter, 1:2 soil:H2O",no,"row crop, ?-2007",8 mm,0-3%,Nicollet loam + Webster silty clay loam,USDA NRCS,(-80C) for 2 days,"34.0, 39.9, 26.1",pipette,no,,,0.144751381215,gravimetric,env_package: soil,,,,,,,,,,3398.4805998,379.296341845,71.7081780683,31.9249719038,127.173543245,482.929491817,,,PF,PF_20,WS,WS_20
PF32-LM-July2012,mge94517,,,75 lb/acre liquid urea amonia nitrate (28% solution) 2012-3-28,no,fertilized harvested grassland,2.C.1.Nb.M054.G333,USNVC,poorly drained,2012 drought year,Phaeozem,no,Ap,USDA Soil Survey,http://websoilsurvey.nrcs.usda.gov/app/WebSoilSurvey.aspx,Endoaquoll,USDA NRCS,4.921542645,7.69,"pH meter, 1:2 soil:H2O",no,"row crop, ?-2007",8-2 mm,0-3%,Webster silty clay loam,USDA NRCS,(-80C) for 3 months,"49.8, 28.3, 21.9",pipette,no,0.101753525436,dry combustion,0.141573033708,gravimetric,env_package: soil,45.9192657604,5.42717661073,15.5960038703,1.84328442592,4.66315390285,0.55113598562,1.18189533758,8,0.938864628821,2987.18377197,577.905777188,65.1288126817,42.5755189134,93.5494499966,685.610108784,387.899599128,45.8456727659,PF,PF_21,LM,LM_21
PF32-LM-October2012,mge94703,,,75 lb/acre liquid urea amonia nitrate (28% solution) 2012-3-28,no,fertilized harvested grassland,2.C.1.Nb.M054.G333,USNVC,poorly drained,2012 drought year,Phaeozem,no,Ap,USDA Soil Survey,http://websoilsurvey.nrcs.usda.gov/app/WebSoilSurvey.aspx,Endoaquoll,USDA NRCS,,7.33,"pH meter, 1:2 soil:H2O",no,"row crop, ?-2007",8-2 mm,0-3%,Webster silty clay loam,USDA NRCS,(-80C) for 2 days,"49.8, 28.3, 21.9",pipette,no,,,0.173524150268,gravimetric,env_package: soil,,,,,,,,,,6709.0549335,1127.1044977,189.605189794,96.2817730303,170.592128172,1412.99146053,,,PF,PF_22,LM,LM_22
PF32-MM-July2012,mge94525,,,75 lb/acre liquid urea amonia nitrate (28% solution) 2012-3-28,no,fertilized harvested grassland,2.C.1.Nb.M054.G333,USNVC,poorly drained,2012 drought year,Phaeozem,no,Ap,USDA Soil Survey,http://websoilsurvey.nrcs.usda.gov/app/WebSoilSurvey.aspx,Endoaquoll,USDA NRCS,5.022984028,7.69,"pH meter, 1:2 soil:H2O",no,"row crop, ?-2007",1-0.25 mm,0-3%,Webster silty clay loam,USDA NRCS,(-80C) for 3 months,"49.8, 28.3, 21.9",pipette,no,0.10141607374,dry combustion,0.144469525959,gravimetric,env_package: soil,45.9192657604,5.42717661073,15.5960038703,1.84328442592,4.66315390285,0.55113598562,1.18189533758,8,0.938864628821,1197.46031889,306.408571187,40.7877375089,36.1529749702,94.4309229458,383.349283666,387.899599128,45.8456727659,PF,PF_23,MM,MM_21
PF32-MM-October2012,mge94709,,,75 lb/acre liquid urea amonia nitrate (28% solution) 2012-3-28,no,fertilized harvested grassland,2.C.1.Nb.M054.G333,USNVC,poorly drained,2012 drought year,Phaeozem,no,Ap,USDA Soil Survey,http://websoilsurvey.nrcs.usda.gov/app/WebSoilSurvey.aspx,Endoaquoll,USDA NRCS,,7.33,"pH meter, 1:2 soil:H2O",no,"row crop, ?-2007",1-0.25 mm,0-3%,Webster silty clay loam,USDA NRCS,(-80C) for 2 days,"49.8, 28.3, 21.9",pipette,no,,,0.185263157895,gravimetric,env_package: soil,,,,,,,,,,9228.24135222,1687.36489422,101.088212547,211.222829497,464.381737885,1999.67593626,,,PF,PF_24,MM,MM_22
PF32-Micro-July2012,mge94521,,,75 lb/acre liquid urea amonia nitrate (28% solution) 2012-3-28,no,fertilized harvested grassland,2.C.1.Nb.M054.G333,USNVC,poorly drained,2012 drought year,Phaeozem,no,Ap,USDA Soil Survey,http://websoilsurvey.nrcs.usda.gov/app/WebSoilSurvey.aspx,Endoaquoll,USDA NRCS,4.032095432,7.69,"pH meter, 1:2 soil:H2O",no,"row crop, ?-2007",2-1 mm,0-3%,Webster silty clay loam,USDA NRCS,(-80C) for 3 months,"49.8, 28.3, 21.9",pipette,no,0.0961768552661,dry combustion,0.100766703176,gravimetric,env_package: soil,45.9192657604,5.42717661073,15.5960038703,1.84328442592,4.66315390285,0.55113598562,1.18189533758,8,0.938864628821,1609.96025947,652.771032756,72.9288133999,21.955214209,50.8297411366,747.655060365,387.899599128,45.8456727659,PF,PF_25,Micro,Micro_21
PF32-Micro-October2012,mge94706,,,75 lb/acre liquid urea amonia nitrate (28% solution) 2012-3-28,no,fertilized harvested grassland,2.C.1.Nb.M054.G333,USNVC,poorly drained,2012 drought year,Phaeozem,no,Ap,USDA Soil Survey,http://websoilsurvey.nrcs.usda.gov/app/WebSoilSurvey.aspx,Endoaquoll,USDA NRCS,,7.33,"pH meter, 1:2 soil:H2O",no,"row crop, ?-2007",2-1 mm,0-3%,Webster silty clay loam,USDA NRCS,(-80C) for 2 days,"49.8, 28.3, 21.9",pipette,no,,,0.0963855421687,gravimetric,env_package: soil,,,,,,,,,,5397.64368055,1305.25691011,234.174113634,151.211981843,185.245855834,1690.64300559,,,PF,PF_26,Micro,Micro_22
PF32-SM-July2012,mge94528,,,75 lb/acre liquid urea amonia nitrate (28% solution) 2012-3-28,no,fertilized harvested grassland,2.C.1.Nb.M054.G333,USNVC,poorly drained,2012 drought year,Phaeozem,no,Ap,USDA Soil Survey,http://websoilsurvey.nrcs.usda.gov/app/WebSoilSurvey.aspx,Endoaquoll,USDA NRCS,4.549097061,7.69,"pH meter, 1:2 soil:H2O",no,"row crop, ?-2007",<0.25 mm,0-3%,Webster silty clay loam,USDA NRCS,(-80C) for 3 months,"49.8, 28.3, 21.9",pipette,no,0.0886190533638,dry combustion,0.129796839729,gravimetric,env_package: soil,45.9192657604,5.42717661073,15.5960038703,1.84328442592,4.66315390285,0.55113598562,1.18189533758,8,0.938864628821,2382.3369632,623.325707129,63.2863090341,30.6191425962,80.7099862107,717.231158759,387.899599128,45.8456727659,PF,PF_27,SM,SM_21
PF32-SM-October2012,mge94712,,,75 lb/acre liquid urea amonia nitrate (28% solution) 2012-3-28,no,fertilized harvested grassland,2.C.1.Nb.M054.G333,USNVC,poorly drained,2012 drought year,Phaeozem,no,Ap,USDA Soil Survey,http://websoilsurvey.nrcs.usda.gov/app/WebSoilSurvey.aspx,Endoaquoll,USDA NRCS,,7.33,"pH meter, 1:2 soil:H2O",no,"row crop, ?-2007",<0.25 mm,0-3%,Webster silty clay loam,USDA NRCS,(-80C) for 2 days,"49.8, 28.3, 21.9",pipette,no,,,0.162962962963,gravimetric,env_package: soil,,,,,,,,,,3571.86594691,902.897703971,121.009898777,84.1388860405,122.673151678,1108.04648879,,,PF,PF_28,SM,SM_22
PF32-WS-July2012,mge94532,,,75 lb/acre liquid urea amonia nitrate (28% solution) 2012-3-28,no,fertilized harvested grassland,2.C.1.Nb.M054.G333,USNVC,poorly drained,2012 drought year,Phaeozem,no,Ap,USDA Soil Survey,http://websoilsurvey.nrcs.usda.gov/app/WebSoilSurvey.aspx,Endoaquoll,USDA NRCS,5.353866577,7.69,"pH meter, 1:2 soil:H2O",no,"row crop, ?-2007",8 mm,0-3%,Webster silty clay loam,USDA NRCS,(-80C) for 3 months,"49.8, 28.3, 21.9",pipette,no,0.108408637345,dry combustion,0.147092360319,gravimetric,env_package: soil,45.9192657604,5.42717661073,15.5960038703,1.84328442592,4.66315390285,0.55113598562,1.18189533758,8,0.938864628821,3547.7503741,752.80948857,75.2138316084,28.8959603793,97.6356187865,856.919280557,387.899599128,45.8456727659,PF,PF_29,WS,WS_21
PF32-WS-October2012,mge94715,,,75 lb/acre liquid urea amonia nitrate (28% solution) 2012-3-28,no,fertilized harvested grassland,2.C.1.Nb.M054.G333,USNVC,poorly drained,2012 drought year,Phaeozem,no,Ap,USDA Soil Survey,http://websoilsurvey.nrcs.usda.gov/app/WebSoilSurvey.aspx,Endoaquoll,USDA NRCS,,7.33,"pH meter, 1:2 soil:H2O",no,"row crop, ?-2007",8 mm,0-3%,Webster silty clay loam,USDA NRCS,(-80C) for 2 days,"49.8, 28.3, 21.9",pipette,no,,,0.168969181722,gravimetric,env_package: soil,,,,,,,,,,5005.03136783,927.383853741,184.445285448,89.9950617754,168.446246307,1201.82420096,,,PF,PF_30,WS,WS_22
PF41-LM-July2012,mge94535,,,75 lb/acre liquid urea amonia nitrate (28% solution) 2012-3-28,no,fertilized harvested grassland,2.C.1.Nb.M054.G333,USNVC,poorly drained,2012 drought year,Phaeozem,no,Ap,USDA Soil Survey,http://websoilsurvey.nrcs.usda.gov/app/WebSoilSurvey.aspx,Endoaquoll,USDA NRCS,5.267864704,7.03,"pH meter, 1:2 soil:H2O",no,"row crop, ?-2007",8-2 mm,0-3%,Webster silty clay loam,USDA NRCS,(-80C) for 3 months,"33.6, 38.4, 28.0",pipette,no,0.110168300569,dry combustion,0.153583617747,gravimetric,env_package: soil,86.6583506347,9.45136993988,30.5073288943,3.32727370352,5.61033503513,0.611889696899,1.09064733758,6,0.87674031477,1454.00335238,259.176209476,32.9225058585,10.2336168336,58.6720424082,302.332332168,784.991818598,85.6149236975,PF,PF_31,LM,LM_23
PF41-LM-October2012,mge94718,,,75 lb/acre liquid urea amonia nitrate (28% solution) 2012-3-28,no,fertilized harvested grassland,2.C.1.Nb.M054.G333,USNVC,poorly drained,2012 drought year,Phaeozem,no,Ap,USDA Soil Survey,http://websoilsurvey.nrcs.usda.gov/app/WebSoilSurvey.aspx,Endoaquoll,USDA NRCS,,7.39,"pH meter, 1:2 soil:H2O",no,"row crop, ?-2007",8-2 mm,0-3%,Webster silty clay loam,USDA NRCS,(-80C) for 2 days,"33.6, 38.4, 28.0",pipette,no,,,0.155384615385,gravimetric,env_package: soil,,,,,,,,,,4257.9127871,648.825203572,106.261603381,43.81838403,122.668259746,798.905190983,,,PF,PF_32,LM,LM_24
PF41-MM-July2012,mge94543,,,75 lb/acre liquid urea amonia nitrate (28% solution) 2012-3-28,no,fertilized harvested grassland,2.C.1.Nb.M054.G333,USNVC,poorly drained,2012 drought year,Phaeozem,no,Ap,USDA Soil Survey,http://websoilsurvey.nrcs.usda.gov/app/WebSoilSurvey.aspx,Endoaquoll,USDA NRCS,5.272572517,7.03,"pH meter, 1:2 soil:H2O",no,"row crop, ?-2007",1-0.25 mm,0-3%,Webster silty clay loam,USDA NRCS,(-80C) for 3 months,"33.6, 38.4, 28.0",pipette,no,0.10545899719,dry combustion,0.151376146789,gravimetric,env_package: soil,86.6583506347,9.45136993988,30.5073288943,3.32727370352,5.61033503513,0.611889696899,1.09064733758,6,0.87674031477,1952.35614041,506.078571131,76.982302401,33.6932711224,63.2359310369,616.754144655,784.991818598,85.6149236975,PF,PF_33,MM,MM_23
PF41-MM-October2012,mge94724,,,75 lb/acre liquid urea amonia nitrate (28% solution) 2012-3-28,no,fertilized harvested grassland,2.C.1.Nb.M054.G333,USNVC,poorly drained,2012 drought year,Phaeozem,no,Ap,USDA Soil Survey,http://websoilsurvey.nrcs.usda.gov/app/WebSoilSurvey.aspx,Endoaquoll,USDA NRCS,,7.39,"pH meter, 1:2 soil:H2O",no,"row crop, ?-2007",1-0.25 mm,0-3%,Webster silty clay loam,USDA NRCS,(-80C) for 2 days,"33.6, 38.4, 28.0",pipette,no,,,0.153116036506,gravimetric,env_package: soil,,,,,,,,,,4907.82368661,1065.20799867,203.85908026,76.1977576232,168.94099479,1345.26483655,,,PF,PF_34,MM,MM_24
PF41-Micro-July2012,mge94539,,,75 lb/acre liquid urea amonia nitrate (28% solution) 2012-3-28,no,fertilized harvested grassland,2.C.1.Nb.M054.G333,USNVC,poorly drained,2012 drought year,Phaeozem,no,Ap,USDA Soil Survey,http://websoilsurvey.nrcs.usda.gov/app/WebSoilSurvey.aspx,Endoaquoll,USDA NRCS,4.082702637,7.03,"pH meter, 1:2 soil:H2O",no,"row crop, ?-2007",2-1 mm,0-3%,Webster silty clay loam,USDA NRCS,(-80C) for 3 months,"33.6, 38.4, 28.0",pipette,no,0.0971527248621,dry combustion,0.099891422367,gravimetric,env_package: soil,86.6583506347,9.45136993988,30.5073288943,3.32727370352,5.61033503513,0.611889696899,1.09064733758,6,0.87674031477,938.109261049,313.085792309,39.0534520473,18.8546647482,30.5638788416,370.993909105,784.991818598,85.6149236975,PF,PF_35,Micro,Micro_23
PF41-Micro-October2012,mge94721,,,75 lb/acre liquid urea amonia nitrate (28% solution) 2012-3-28,no,fertilized harvested grassland,2.C.1.Nb.M054.G333,USNVC,poorly drained,2012 drought year,Phaeozem,no,Ap,USDA Soil Survey,http://websoilsurvey.nrcs.usda.gov/app/WebSoilSurvey.aspx,Endoaquoll,USDA NRCS,,7.39,"pH meter, 1:2 soil:H2O",no,"row crop, ?-2007",2-1 mm,0-3%,Webster silty clay loam,USDA NRCS,(-80C) for 2 days,"33.6, 38.4, 28.0",pipette,no,,,0.0905797101449,gravimetric,env_package: soil,,,,,,,,,,1495.4572082,467.122325257,89.2279586228,47.2586174472,53.4022071968,603.608901327,,,PF,PF_36,Micro,Micro_24
PF41-SM-July2012,mge94546,,,75 lb/acre liquid urea amonia nitrate (28% solution) 2012-3-28,no,fertilized harvested grassland,2.C.1.Nb.M054.G333,USNVC,poorly drained,2012 drought year,Phaeozem,no,Ap,USDA Soil Survey,http://websoilsurvey.nrcs.usda.gov/app/WebSoilSurvey.aspx,Endoaquoll,USDA NRCS,4.78107214,7.03,"pH meter, 1:2 soil:H2O",no,"row crop, ?-2007",<0.25 mm,0-3%,Webster silty clay loam,USDA NRCS,(-80C) for 3 months,"33.6, 38.4, 28.0",pipette,no,0.100123643875,dry combustion,0.138321995465,gravimetric,env_package: soil,86.6583506347,9.45136993988,30.5073288943,3.32727370352,5.61033503513,0.611889696899,1.09064733758,6,0.87674031477,874.189974036,287.050801282,37.4481366147,12.0057021564,33.173113556,336.504640053,784.991818598,85.6149236975,PF,PF_37,SM,SM_23
PF41-SM-October2012,mge94727,,,75 lb/acre liquid urea amonia nitrate (28% solution) 2012-3-28,no,fertilized harvested grassland,2.C.1.Nb.M054.G333,USNVC,poorly drained,2012 drought year,Phaeozem,no,Ap,USDA Soil Survey,http://websoilsurvey.nrcs.usda.gov/app/WebSoilSurvey.aspx,Endoaquoll,USDA NRCS,,7.39,"pH meter, 1:2 soil:H2O",no,"row crop, ?-2007",<0.25 mm,0-3%,Webster silty clay loam,USDA NRCS,(-80C) for 2 days,"33.6, 38.4, 28.0",pipette,no,,,0.150847457627,gravimetric,env_package: soil,,,,,,,,,,2998.36527501,714.097986605,199.422087862,81.7660617133,116.095157111,995.28613618,,,PF,PF_38,SM,SM_24
PF41-WS-July2012,mge94550,,,75 lb/acre liquid urea amonia nitrate (28% solution) 2012-3-28,no,fertilized harvested grassland,2.C.1.Nb.M054.G333,USNVC,poorly drained,2012 drought year,Phaeozem,no,Ap,USDA Soil Survey,http://websoilsurvey.nrcs.usda.gov/app/WebSoilSurvey.aspx,Endoaquoll,USDA NRCS,4.792530537,7.03,"pH meter, 1:2 soil:H2O",no,"row crop, ?-2007",8 mm,0-3%,Webster silty clay loam,USDA NRCS,(-80C) for 3 months,"33.6, 38.4, 28.0",pipette,no,0.1039429456,dry combustion,0.159371492705,gravimetric,env_package: soil,86.6583506347,9.45136993988,30.5073288943,3.32727370352,5.61033503513,0.611889696899,1.09064733758,6,0.87674031477,1015.73079905,181.971135017,31.4699049198,11.3557819151,29.1414216522,224.796821852,784.991818598,85.6149236975,PF,PF_39,WS,WS_23
PF41-WS-October2012,mge94730,,,75 lb/acre liquid urea amonia nitrate (28% solution) 2012-3-28,no,fertilized harvested grassland,2.C.1.Nb.M054.G333,USNVC,poorly drained,2012 drought year,Phaeozem,no,Ap,USDA Soil Survey,http://websoilsurvey.nrcs.usda.gov/app/WebSoilSurvey.aspx,Endoaquoll,USDA NRCS,,7.39,"pH meter, 1:2 soil:H2O",no,"row crop, ?-2007",8 mm,0-3%,Webster silty clay loam,USDA NRCS,(-80C) for 2 days,"33.6, 38.4, 28.0",pipette,no,,,0.184510250569,gravimetric,env_package: soil,,,,,,,,,,3090.28031973,400.493753223,75.6961337245,29.1281853459,68.3558566621,505.318072293,,,PF,PF_40,WS,WS_24
